# .PCD v0.7 - Point Cloud Data file format
# KITTI-style street scene dataset
# Generated for AutoPointCloud demonstration
VERSION 0.7
FIELDS x y z intensity rgb
SIZE 4 4 4 4 4
TYPE F F F F U
COUNT 1 1 1 1 1
WIDTH 5000
HEIGHT 1
VIEWPOINT 0 0 0 1 0 0 0
POINTS 5000
DATA ascii
5.076 3.647 -0.024 46.3 7890000
-4.523 2.578 -0.126 47.2 3289655
-8.775 -0.454 -0.174 36.4 3289655
19.256 1.207 -0.165 31.0 3289655
7.765 9.207 -0.121 57.4 7890000
1.076 7.946 -0.127 50.1 7890000
0.165 -1.431 -0.162 33.7 3289655
-8.266 3.997 -0.101 76.5 7890000
15.335 -1.929 -0.022 35.2 3289655
9.720 -4.618 -0.171 74.1 7890000
19.496 2.802 -0.034 42.9 3289655
19.931 9.097 -0.154 64.2 7890000
-5.051 -6.125 -0.009 66.7 7890000
-12.428 5.202 -0.104 68.0 7890000
7.706 -0.578 -0.141 34.4 3289655
-0.398 -2.916 -0.142 37.3 3289655
2.576 8.388 -0.161 72.0 7890000
-4.578 6.182 -0.070 65.1 7890000
11.811 -9.007 -0.123 73.3 7890000
-13.835 -4.587 -0.131 73.4 7890000
9.431 4.922 -0.105 65.8 7890000
-7.979 -8.644 -0.171 43.9 7890000
3.259 -5.589 -0.095 71.9 7890000
-15.894 7.656 -0.054 70.8 7890000
14.328 1.338 -0.100 42.5 3289655
14.222 7.945 -0.088 63.5 7890000
-12.720 -5.227 -0.189 60.4 7890000
-14.250 7.898 -0.019 59.1 7890000
14.616 -9.915 -0.163 51.0 7890000
-14.602 7.630 -0.035 56.0 7890000
19.984 -6.808 -0.005 49.0 7890000
-16.603 -2.903 -0.093 42.6 3289655
4.559 -6.563 -0.011 55.6 7890000
19.777 -1.898 -0.186 45.0 3289655
17.610 -3.554 -0.107 72.2 7890000
17.754 9.610 -0.197 78.5 7890000
-7.596 6.698 -0.080 53.4 7890000
-17.934 2.740 -0.173 39.7 3289655
-17.157 -6.719 -0.148 44.5 7890000
11.310 -7.524 -0.103 77.9 7890000
-0.626 -5.743 -0.013 61.8 7890000
18.524 1.666 -0.142 39.5 3289655
5.347 -1.793 -0.014 34.1 3289655
-0.940 -3.144 -0.139 55.1 7890000
-15.959 5.153 -0.057 66.7 7890000
19.427 8.635 -0.153 51.6 7890000
19.001 -4.935 -0.089 54.9 7890000
18.003 5.270 -0.111 45.5 7890000
11.588 -1.806 -0.131 33.6 3289655
-11.106 -0.027 -0.092 30.2 3289655
-1.589 -6.989 -0.097 66.9 7890000
15.983 -9.782 -0.029 58.5 7890000
2.854 -8.832 -0.140 73.5 7890000
19.698 -1.051 -0.028 43.1 3289655
-7.363 0.804 -0.051 36.3 3289655
-9.573 6.307 -0.129 73.3 7890000
-1.275 -9.702 -0.032 44.5 7890000
1.502 -3.152 -0.044 72.2 7890000
-3.409 9.021 -0.053 50.1 7890000
13.331 5.560 -0.017 78.7 7890000
6.774 -8.287 -0.177 61.1 7890000
-4.231 3.540 -0.055 55.7 7890000
2.543 -5.539 -0.174 60.4 7890000
0.867 0.710 -0.141 47.0 3289655
12.527 2.832 -0.077 38.2 3289655
-18.417 -4.550 -0.055 62.6 7890000
6.124 1.681 -0.165 36.7 3289655
-18.647 -9.143 -0.158 47.6 7890000
16.910 -2.817 -0.075 49.3 3289655
0.278 6.825 -0.076 58.6 7890000
-13.675 5.049 -0.043 58.6 7890000
-2.173 -3.460 -0.019 42.9 7890000
9.386 2.099 -0.132 34.4 3289655
3.362 0.971 -0.084 33.9 3289655
-9.178 -1.250 -0.184 45.3 3289655
-15.479 0.251 -0.081 35.8 3289655
-18.286 -8.392 -0.190 66.3 7890000
0.640 -4.969 -0.068 46.8 7890000
1.656 5.349 -0.063 68.5 7890000
4.858 8.452 -0.132 57.4 7890000
-17.800 1.897 -0.158 33.5 3289655
-14.685 -4.958 -0.107 58.1 7890000
5.500 0.592 -0.197 46.3 3289655
-4.207 1.216 -0.140 30.4 3289655
1.338 9.020 -0.113 54.9 7890000
19.867 -7.466 -0.103 43.4 7890000
7.146 -1.301 -0.080 32.6 3289655
15.570 -2.804 -0.193 30.3 3289655
18.729 -8.512 -0.156 52.5 7890000
-8.022 -2.224 -0.076 33.0 3289655
-12.859 -0.241 -0.173 45.4 3289655
-16.859 4.851 -0.171 48.3 7890000
-0.116 1.789 -0.188 32.4 3289655
-0.846 -4.732 -0.115 49.9 7890000
-6.068 -9.549 -0.086 70.4 7890000
-0.400 -7.020 -0.148 41.4 7890000
-3.764 0.006 -0.060 44.1 3289655
10.325 6.866 -0.104 62.8 7890000
14.732 -5.645 -0.068 63.8 7890000
-16.298 1.838 -0.173 46.4 3289655
-1.320 -3.977 -0.003 45.3 7890000
17.986 7.115 -0.164 51.6 7890000
8.766 -9.934 -0.042 52.3 7890000
15.125 -6.566 -0.058 54.0 7890000
12.124 9.992 -0.118 63.1 7890000
11.222 -2.639 -0.080 41.7 3289655
-7.954 7.605 -0.145 48.0 7890000
4.091 8.750 -0.137 54.3 7890000
-2.370 -1.429 -0.019 33.8 3289655
-17.420 7.579 -0.017 68.3 7890000
-16.574 -4.385 -0.089 61.3 7890000
12.997 3.248 -0.036 59.4 7890000
-17.687 1.469 -0.081 42.9 3289655
-4.082 -8.430 -0.034 62.7 7890000
-0.373 -7.025 -0.050 74.2 7890000
12.074 -4.955 -0.056 77.0 7890000
-17.532 -7.880 -0.100 61.1 7890000
-13.203 0.713 -0.132 35.3 3289655
-18.741 -0.333 -0.197 32.2 3289655
-19.575 -8.940 -0.111 56.8 7890000
-15.287 5.689 -0.180 64.4 7890000
-9.387 -7.889 -0.135 54.2 7890000
5.398 4.280 -0.070 69.4 7890000
17.143 -0.917 -0.021 44.9 3289655
-3.768 -1.973 -0.038 31.6 3289655
-6.239 0.309 -0.052 35.6 3289655
-2.349 -2.833 -0.096 33.9 3289655
-16.876 5.313 -0.017 51.5 7890000
-5.782 -9.365 -0.096 63.2 7890000
10.771 6.296 -0.084 71.7 7890000
-11.506 -8.799 -0.182 77.3 7890000
7.889 -1.678 -0.199 47.0 3289655
12.019 -3.859 -0.160 53.6 7890000
-10.897 6.419 -0.098 77.8 7890000
8.575 -6.051 -0.044 58.1 7890000
17.332 -2.516 -0.136 40.8 3289655
-18.880 3.009 -0.126 55.7 7890000
15.252 1.246 -0.178 33.9 3289655
-5.747 -2.377 -0.097 38.3 3289655
4.971 9.933 -0.096 76.5 7890000
15.319 3.597 -0.168 51.3 7890000
0.156 -2.112 -0.095 49.0 3289655
2.632 -8.574 -0.194 75.2 7890000
18.856 8.400 -0.129 69.7 7890000
14.925 8.350 -0.132 42.0 7890000
16.418 2.339 -0.085 46.2 3289655
-0.927 -3.425 -0.054 66.6 7890000
12.786 -4.395 -0.004 53.9 7890000
10.620 -2.284 -0.125 43.9 3289655
1.299 -1.191 -0.038 41.9 3289655
-15.042 -6.661 -0.057 67.4 7890000
14.747 -9.004 -0.063 74.6 7890000
12.606 -6.963 -0.017 63.7 7890000
-1.677 7.561 -0.163 72.9 7890000
-9.427 -0.166 -0.059 42.3 3289655
6.437 2.918 -0.126 30.6 3289655
-15.331 -6.998 -0.021 64.5 7890000
-19.446 -6.523 -0.046 40.7 7890000
-11.389 1.153 -0.131 33.1 3289655
19.923 2.378 -0.164 40.1 3289655
-6.880 3.228 -0.059 48.5 7890000
7.886 2.714 -0.115 33.1 3289655
13.469 -0.737 -0.043 37.3 3289655
-5.846 -8.310 -0.161 74.1 7890000
-7.797 5.063 -0.151 58.9 7890000
-18.495 2.493 -0.071 47.1 3289655
16.623 -7.677 -0.112 71.6 7890000
-7.494 1.450 -0.079 41.4 3289655
4.621 -7.389 -0.051 49.6 7890000
9.940 -2.716 -0.055 40.2 3289655
-13.867 5.630 -0.017 58.2 7890000
15.163 -9.111 -0.045 71.3 7890000
18.186 8.374 -0.200 60.5 7890000
1.328 0.848 -0.106 30.2 3289655
-6.333 7.915 -0.093 40.3 7890000
1.280 2.557 -0.179 37.8 3289655
-4.981 6.170 -0.059 67.8 7890000
-0.583 4.490 -0.050 58.5 7890000
7.044 -8.914 -0.197 43.8 7890000
-0.913 6.952 -0.048 58.2 7890000
-11.743 5.064 -0.157 60.7 7890000
19.322 6.669 -0.129 79.2 7890000
17.710 8.727 -0.066 54.7 7890000
-9.797 -3.603 -0.101 76.0 7890000
-2.151 -6.717 -0.008 78.3 7890000
-2.813 1.828 -0.147 42.0 3289655
-11.465 5.041 -0.166 66.5 7890000
-17.906 8.017 -0.171 58.9 7890000
17.126 -8.684 -0.170 43.6 7890000
-6.151 -8.932 -0.181 50.5 7890000
-7.900 1.284 -0.180 32.9 3289655
-18.781 -7.437 -0.082 68.4 7890000
15.730 -2.925 -0.091 49.5 3289655
12.484 8.512 -0.114 66.3 7890000
-13.781 3.748 -0.179 75.1 7890000
18.898 -0.079 -0.106 48.0 3289655
10.821 -5.339 -0.095 44.1 7890000
-0.282 4.635 -0.041 76.4 7890000
14.617 4.374 -0.011 44.1 7890000
-17.284 3.768 -0.155 55.7 7890000
-1.265 9.372 -0.185 72.9 7890000
18.374 1.270 -0.035 38.0 3289655
-6.309 1.628 -0.029 33.2 3289655
-1.378 4.079 -0.104 48.1 7890000
-3.106 -5.400 -0.105 65.8 7890000
-9.944 4.841 -0.147 76.7 7890000
-14.031 9.069 -0.009 41.8 7890000
7.191 7.548 -0.116 46.6 7890000
-0.514 -5.190 -0.064 78.5 7890000
-0.131 -2.515 -0.147 48.8 3289655
-15.578 0.799 -0.122 34.4 3289655
11.370 7.026 -0.129 51.9 7890000
17.589 6.762 -0.171 72.6 7890000
17.877 5.075 -0.141 47.0 7890000
-2.896 -4.745 -0.144 57.9 7890000
0.252 -4.014 -0.138 70.8 7890000
-9.664 -6.513 -0.012 51.6 7890000
-4.485 -4.564 -0.104 54.4 7890000
0.677 -4.719 -0.032 75.9 7890000
2.342 3.310 -0.119 67.2 7890000
-3.517 -8.616 -0.043 76.6 7890000
4.480 -7.926 -0.034 45.4 7890000
-15.167 -8.457 -0.187 43.6 7890000
-16.313 -9.900 -0.093 42.3 7890000
9.068 5.452 -0.157 66.3 7890000
-7.272 3.438 -0.197 70.3 7890000
17.501 2.093 -0.193 44.2 3289655
12.572 -7.118 -0.174 73.6 7890000
-7.624 9.095 -0.012 43.8 7890000
-6.745 -5.332 -0.011 60.2 7890000
17.294 0.088 -0.121 42.6 3289655
12.909 6.252 -0.134 60.9 7890000
-18.944 -3.307 -0.162 67.1 7890000
14.837 -8.292 -0.190 56.0 7890000
19.190 -0.530 -0.159 38.8 3289655
14.975 7.080 -0.004 41.2 7890000
1.823 0.619 -0.133 50.0 3289655
3.830 -6.519 -0.137 66.7 7890000
-10.735 9.386 -0.198 45.8 7890000
-18.065 -7.705 -0.051 63.8 7890000
16.296 9.244 -0.093 45.1 7890000
-8.334 -7.786 -0.057 53.1 7890000
19.160 -1.034 -0.105 31.1 3289655
-17.629 5.209 -0.140 63.2 7890000
-12.819 6.796 -0.119 76.8 7890000
-14.853 2.815 -0.187 44.6 3289655
-5.509 9.395 -0.173 51.3 7890000
16.125 -4.020 -0.055 77.8 7890000
-14.257 0.152 -0.031 37.4 3289655
-18.998 -9.015 -0.143 60.1 7890000
13.900 7.143 -0.008 55.2 7890000
-0.419 0.179 -0.031 43.1 3289655
17.928 2.277 -0.163 43.7 3289655
16.098 -5.577 -0.072 57.0 7890000
-12.080 -8.234 -0.108 47.6 7890000
4.088 7.866 -0.106 40.5 7890000
-15.327 0.263 -0.036 42.7 3289655
11.935 4.039 -0.113 56.7 7890000
-2.553 -8.934 -0.113 50.7 7890000
-0.720 -2.443 -0.063 33.7 3289655
3.082 1.241 -0.082 48.3 3289655
-14.225 -2.295 -0.150 44.3 3289655
16.782 -7.791 -0.045 71.4 7890000
9.422 7.847 -0.185 78.9 7890000
2.197 3.442 -0.158 58.0 7890000
-9.576 0.803 -0.149 41.5 3289655
-3.617 -0.993 -0.004 45.4 3289655
-3.687 9.896 -0.074 72.3 7890000
-18.482 -0.348 -0.013 47.2 3289655
-5.734 -7.293 -0.012 75.2 7890000
8.109 -4.792 -0.018 67.8 7890000
-8.887 -7.338 -0.021 60.1 7890000
8.995 -5.833 -0.140 73.0 7890000
0.677 8.179 -0.155 69.0 7890000
-10.407 8.640 -0.090 65.2 7890000
15.246 -7.362 -0.050 44.3 7890000
-15.791 3.982 -0.004 73.4 7890000
17.005 2.282 -0.121 38.8 3289655
12.448 4.210 -0.016 58.1 7890000
-2.798 2.213 -0.081 35.3 3289655
19.282 -5.801 -0.033 46.4 7890000
-11.531 9.072 -0.007 75.5 7890000
8.446 -6.496 -0.164 44.3 7890000
9.956 1.326 -0.086 47.4 3289655
-16.541 4.771 -0.116 46.4 7890000
3.432 -9.135 -0.002 71.1 7890000
8.604 -8.398 -0.005 45.2 7890000
5.709 -0.585 -0.182 35.2 3289655
7.095 -4.622 -0.070 59.1 7890000
4.088 2.073 -0.116 45.6 3289655
16.099 -2.691 -0.033 34.6 3289655
5.588 -7.519 -0.005 42.1 7890000
-19.058 -1.077 -0.118 49.6 3289655
-3.016 2.348 -0.007 49.6 3289655
6.543 -6.472 -0.167 63.4 7890000
-13.672 5.922 -0.134 76.7 7890000
10.750 2.651 -0.045 31.7 3289655
-14.592 -2.691 -0.161 48.7 3289655
-8.482 5.534 -0.038 40.7 7890000
14.627 -3.522 -0.065 45.6 7890000
13.603 -0.069 -0.153 42.2 3289655
-4.677 -9.158 -0.001 50.0 7890000
-1.893 9.277 -0.155 47.7 7890000
-2.502 6.131 -0.020 65.5 7890000
-11.754 -2.278 -0.011 44.3 3289655
17.337 5.250 -0.037 77.3 7890000
11.231 -4.821 -0.027 50.1 7890000
8.538 -6.125 -0.136 78.2 7890000
-17.703 7.355 -0.080 69.9 7890000
-6.681 2.315 -0.094 35.7 3289655
13.677 7.675 -0.072 70.4 7890000
2.907 1.221 -0.129 49.1 3289655
5.210 -4.322 -0.071 75.5 7890000
15.897 -8.989 -0.021 42.1 7890000
-2.015 -1.262 -0.142 30.5 3289655
-5.611 -0.909 -0.010 47.7 3289655
7.469 0.511 -0.018 35.8 3289655
-3.092 3.708 -0.161 51.7 7890000
19.698 1.312 -0.171 40.0 3289655
-17.768 -3.580 -0.105 60.2 7890000
6.347 4.587 -0.122 64.8 7890000
18.377 -6.152 -0.054 47.0 7890000
8.281 0.859 -0.083 37.6 3289655
-17.719 0.028 -0.038 37.9 3289655
-6.725 -5.509 -0.138 52.0 7890000
2.152 2.603 -0.083 33.4 3289655
-0.629 7.353 -0.017 66.3 7890000
10.247 3.740 -0.112 46.3 7890000
19.213 -0.175 -0.054 34.4 3289655
12.890 -6.821 -0.132 51.8 7890000
13.274 5.453 -0.159 46.1 7890000
3.742 -4.640 -0.068 51.4 7890000
-2.138 2.524 -0.196 45.2 3289655
3.951 2.621 -0.179 36.8 3289655
2.628 3.687 -0.141 56.9 7890000
-9.058 4.992 -0.187 54.2 7890000
-0.823 -3.431 -0.021 56.4 7890000
-0.194 -0.636 -0.192 40.4 3289655
-10.737 -3.205 -0.174 58.5 7890000
-10.617 9.000 -0.157 75.0 7890000
19.526 -8.964 -0.037 40.9 7890000
19.785 7.683 -0.033 76.6 7890000
-15.677 3.355 -0.027 73.5 7890000
4.479 6.667 -0.122 67.5 7890000
-15.680 7.774 -0.096 47.3 7890000
1.299 -4.083 -0.110 48.4 7890000
-14.684 -8.709 -0.008 78.6 7890000
10.460 -2.429 -0.058 40.3 3289655
12.733 4.148 -0.091 55.0 7890000
-18.485 -9.736 -0.101 78.6 7890000
-3.550 -3.781 -0.049 41.6 7890000
-1.461 0.512 -0.138 39.0 3289655
-13.951 -4.607 -0.122 69.7 7890000
9.061 2.635 -0.027 36.0 3289655
-6.642 -2.945 -0.053 31.8 3289655
2.523 0.289 -0.154 35.1 3289655
-2.003 -3.747 -0.169 54.2 7890000
5.568 8.124 -0.105 78.4 7890000
-5.373 8.373 -0.078 58.4 7890000
19.415 9.037 -0.009 75.8 7890000
-19.864 -8.250 -0.138 65.3 7890000
13.363 -9.939 -0.060 49.2 7890000
19.101 9.213 -0.002 74.8 7890000
19.153 -4.339 -0.188 53.2 7890000
-4.753 -8.821 -0.065 49.6 7890000
14.664 -9.859 -0.011 55.7 7890000
12.042 9.795 -0.048 49.3 7890000
2.303 5.042 -0.104 65.3 7890000
-2.975 3.423 -0.089 52.6 7890000
-13.750 6.637 -0.038 69.2 7890000
-12.076 -0.634 -0.033 31.3 3289655
13.990 5.021 -0.088 48.0 7890000
1.683 5.145 -0.124 71.9 7890000
-4.853 5.394 -0.005 48.2 7890000
-19.111 -3.820 -0.067 47.7 7890000
-11.535 0.817 -0.130 39.8 3289655
5.328 -1.822 -0.114 31.4 3289655
10.620 3.818 -0.145 46.9 7890000
2.321 -6.944 -0.076 52.9 7890000
14.019 -0.259 -0.133 39.2 3289655
-16.004 8.779 -0.002 59.9 7890000
8.640 2.665 -0.085 42.3 3289655
3.959 2.096 -0.018 39.6 3289655
-7.062 3.154 -0.101 55.8 7890000
-14.385 -3.305 -0.105 71.2 7890000
10.593 -5.247 -0.125 55.6 7890000
16.319 3.931 -0.178 40.8 7890000
-12.684 -5.809 -0.056 58.8 7890000
-12.576 4.524 -0.136 76.0 7890000
13.819 1.218 -0.011 30.1 3289655
13.710 0.376 -0.174 39.5 3289655
1.878 -6.204 -0.184 42.9 7890000
1.986 -8.447 -0.110 57.8 7890000
4.313 1.021 -0.196 47.9 3289655
-6.543 2.692 -0.100 43.9 3289655
7.387 -3.103 -0.033 79.7 7890000
-13.059 2.941 -0.050 41.2 3289655
4.474 7.650 -0.050 49.2 7890000
5.508 -2.466 -0.129 44.3 3289655
-7.845 7.837 -0.140 47.5 7890000
-5.109 -5.597 -0.104 77.4 7890000
2.304 -5.834 -0.111 69.1 7890000
-17.241 -5.714 -0.104 74.0 7890000
10.682 5.260 -0.037 58.4 7890000
-8.367 6.674 -0.021 44.0 7890000
-12.563 -2.334 -0.012 36.2 3289655
13.030 -0.528 -0.004 36.1 3289655
-9.275 8.980 -0.101 48.5 7890000
17.264 -4.931 -0.063 60.8 7890000
-17.552 9.104 -0.114 46.4 7890000
5.439 -4.922 -0.034 59.4 7890000
-2.785 6.940 -0.140 50.9 7890000
-4.531 6.224 -0.172 57.7 7890000
8.560 1.408 -0.168 40.0 3289655
19.632 -8.044 -0.178 53.1 7890000
17.981 -1.754 -0.033 47.4 3289655
-13.578 -7.219 -0.083 63.5 7890000
3.839 0.799 -0.028 47.0 3289655
15.279 -0.208 -0.105 39.4 3289655
17.239 3.163 -0.105 66.0 7890000
14.753 5.439 -0.163 57.8 7890000
18.489 2.647 -0.169 40.1 3289655
-18.620 -2.909 -0.069 39.8 3289655
-1.724 3.730 -0.110 59.9 7890000
-11.815 2.704 -0.058 42.8 3289655
3.027 7.813 -0.166 48.4 7890000
12.905 1.278 -0.156 31.1 3289655
7.549 0.685 -0.116 44.6 3289655
-5.658 7.175 -0.116 47.4 7890000
-5.854 -6.820 -0.004 74.7 7890000
1.518 4.788 -0.016 60.9 7890000
-4.230 7.194 -0.081 43.7 7890000
17.138 -3.752 -0.018 63.8 7890000
-19.676 4.098 -0.001 40.9 7890000
5.335 1.140 -0.196 32.5 3289655
-4.047 -3.282 -0.137 42.9 7890000
16.688 1.544 -0.115 37.3 3289655
6.576 -8.293 -0.113 49.9 7890000
-8.792 3.088 -0.103 49.6 7890000
-18.488 7.302 -0.048 55.5 7890000
-19.032 3.790 -0.041 64.9 7890000
19.394 6.036 -0.122 43.1 7890000
18.814 -5.963 -0.145 47.7 7890000
-1.049 -9.394 -0.041 54.1 7890000
-1.209 -5.142 -0.098 63.6 7890000
11.893 4.377 -0.070 53.9 7890000
15.771 -9.044 -0.024 51.8 7890000
15.242 3.274 -0.024 61.2 7890000
4.459 -9.132 -0.161 56.9 7890000
13.481 8.025 -0.096 41.6 7890000
-17.733 4.426 -0.152 49.8 7890000
-6.355 -6.632 -0.103 56.1 7890000
1.702 -5.284 -0.062 50.6 7890000
17.465 -3.367 -0.027 42.1 7890000
19.783 -7.183 -0.172 78.6 7890000
-14.850 9.205 -0.006 78.2 7890000
6.110 -6.260 -0.149 55.2 7890000
-1.611 -6.312 -0.051 70.8 7890000
8.032 5.135 -0.113 57.7 7890000
0.215 -7.368 -0.021 47.0 7890000
13.919 -2.966 -0.106 42.5 3289655
-18.635 6.030 -0.032 46.4 7890000
-6.157 -4.675 -0.118 45.7 7890000
-12.591 1.048 -0.062 36.8 3289655
-4.699 8.741 -0.126 47.7 7890000
8.655 -3.460 -0.114 41.0 7890000
6.309 -2.443 -0.177 39.0 3289655
13.723 4.440 -0.193 65.0 7890000
-13.403 -4.095 -0.133 79.6 7890000
-14.139 -4.743 -0.040 74.3 7890000
13.029 2.346 -0.179 31.8 3289655
-8.091 0.151 -0.146 46.8 3289655
7.424 -5.782 -0.054 67.0 7890000
0.303 -3.305 -0.003 63.4 7890000
0.337 6.658 -0.184 58.3 7890000
6.822 7.054 -0.139 77.7 7890000
6.735 -3.138 -0.149 49.5 7890000
10.287 9.387 -0.133 72.6 7890000
-19.652 7.636 -0.191 52.6 7890000
7.883 -8.134 -0.020 49.3 7890000
-12.700 1.096 -0.091 37.8 3289655
-8.524 4.710 -0.085 47.8 7890000
-0.721 -8.516 -0.081 54.4 7890000
-15.285 6.002 -0.111 45.5 7890000
-10.868 6.415 -0.153 54.7 7890000
7.636 2.446 -0.172 30.1 3289655
13.121 -3.034 -0.175 45.3 7890000
-11.841 0.211 -0.123 41.8 3289655
-0.429 -3.067 -0.030 67.2 7890000
4.256 -8.110 -0.083 51.2 7890000
-6.825 -3.690 -0.177 69.4 7890000
-10.640 6.531 -0.108 52.5 7890000
-15.530 -3.605 -0.136 64.0 7890000
-11.942 1.593 -0.141 38.4 3289655
-4.181 -8.367 -0.087 68.6 7890000
-11.197 -9.003 -0.181 63.9 7890000
10.272 1.885 -0.194 42.1 3289655
-4.298 -5.358 -0.119 50.8 7890000
-19.719 -1.811 -0.186 31.0 3289655
-12.313 -9.473 -0.165 51.6 7890000
14.569 -8.563 -0.002 40.1 7890000
-13.301 8.419 -0.179 58.7 7890000
-9.524 -6.524 -0.025 74.0 7890000
-4.329 4.706 -0.053 51.8 7890000
-4.817 9.034 -0.125 72.4 7890000
-6.679 5.072 -0.195 61.5 7890000
3.963 -2.556 -0.047 49.9 3289655
13.734 5.748 -0.079 73.8 7890000
19.998 -6.157 -0.191 67.0 7890000
-6.305 -2.436 -0.189 30.7 3289655
17.909 -5.750 -0.172 69.9 7890000
-16.281 -5.682 -0.048 79.3 7890000
2.022 1.257 -0.148 40.6 3289655
1.492 0.218 -0.039 37.1 3289655
-11.985 -3.031 -0.174 63.0 7890000
2.609 -0.693 -0.136 46.8 3289655
-6.388 9.877 -0.164 73.9 7890000
-7.586 8.467 -0.117 77.9 7890000
-10.726 -5.008 -0.027 54.8 7890000
13.973 4.744 -0.013 42.1 7890000
2.219 -9.243 -0.099 57.1 7890000
13.037 -5.710 -0.156 72.3 7890000
14.055 1.305 -0.089 43.0 3289655
13.702 6.734 -0.052 55.8 7890000
-12.378 2.356 -0.009 38.7 3289655
-2.407 -0.378 -0.158 46.0 3289655
-8.092 -5.075 -0.067 79.9 7890000
4.674 -5.345 -0.010 72.9 7890000
-5.530 0.242 -0.163 33.5 3289655
5.432 -3.088 -0.086 72.6 7890000
-10.203 -3.980 -0.158 45.2 7890000
-4.910 -2.057 -0.042 46.8 3289655
-14.966 8.138 -0.179 71.4 7890000
-14.744 7.766 -0.179 59.7 7890000
18.358 3.556 -0.079 72.8 7890000
11.864 -0.638 -0.134 32.8 3289655
-11.675 -0.444 -0.066 42.1 3289655
-19.893 -6.215 -0.185 57.6 7890000
-10.466 -3.524 -0.022 66.8 7890000
-15.291 -4.666 -0.086 48.0 7890000
14.788 -7.237 -0.172 58.8 7890000
-14.737 1.727 -0.124 38.6 3289655
1.505 9.490 -0.166 77.8 7890000
-11.579 -3.260 -0.039 48.4 7890000
9.763 2.365 -0.168 45.0 3289655
-5.475 9.065 -0.179 63.2 7890000
7.723 5.518 -0.169 77.5 7890000
-12.630 -6.440 -0.094 71.7 7890000
13.420 -1.460 -0.131 31.5 3289655
-16.225 -4.432 -0.044 66.1 7890000
-3.180 0.590 -0.069 49.4 3289655
17.081 -3.365 -0.046 63.5 7890000
11.380 4.974 -0.191 78.1 7890000
-3.227 -4.390 -0.142 70.5 7890000
16.575 -4.098 -0.066 72.2 7890000
16.327 9.184 -0.194 66.0 7890000
-14.345 -8.402 -0.011 51.6 7890000
18.063 1.838 -0.032 42.8 3289655
0.384 -4.170 -0.139 48.9 7890000
19.338 0.238 -0.028 45.8 3289655
8.917 -8.620 -0.047 43.1 7890000
9.149 7.276 -0.198 44.0 7890000
-8.415 -2.105 -0.013 30.2 3289655
11.689 0.349 -0.127 40.4 3289655
-19.298 -6.826 -0.011 51.6 7890000
-5.488 -6.294 -0.183 75.4 7890000
-17.174 7.184 -0.012 40.2 7890000
-16.836 -7.471 -0.121 79.3 7890000
-9.490 1.133 -0.010 37.7 3289655
9.438 4.229 -0.008 52.1 7890000
3.728 6.406 -0.104 57.0 7890000
-15.611 -8.485 -0.093 69.8 7890000
11.824 6.328 -0.110 44.1 7890000
12.659 -8.578 -0.157 46.9 7890000
17.369 1.713 -0.172 43.3 3289655
4.826 -3.701 -0.095 41.2 7890000
-14.654 -8.359 -0.194 70.2 7890000
19.052 -5.990 -0.019 58.6 7890000
18.996 7.731 -0.133 45.0 7890000
-3.006 3.010 -0.034 70.0 7890000
10.269 3.830 -0.105 53.8 7890000
-3.711 4.357 -0.121 78.4 7890000
7.450 9.038 -0.145 43.4 7890000
5.119 9.261 -0.180 51.2 7890000
-9.576 1.319 -0.083 40.0 3289655
-4.892 8.161 -0.196 52.9 7890000
-11.559 -6.027 -0.102 50.5 7890000
-7.032 2.076 -0.159 33.3 3289655
0.174 -6.412 -0.103 54.0 7890000
5.125 5.024 -0.188 74.4 7890000
-16.327 -3.369 -0.018 60.6 7890000
-10.788 3.280 -0.024 40.9 7890000
17.045 -5.200 -0.114 40.5 7890000
15.135 -0.719 -0.168 32.3 3289655
6.222 8.875 -0.007 59.4 7890000
17.571 -9.973 -0.011 71.5 7890000
9.345 -3.342 -0.032 59.2 7890000
-8.194 -5.121 -0.073 49.2 7890000
-10.530 -4.585 -0.071 42.4 7890000
-14.318 3.817 -0.123 53.4 7890000
-8.389 1.969 -0.035 43.7 3289655
17.390 2.070 -0.171 36.7 3289655
-3.994 6.017 -0.030 48.3 7890000
-14.285 -7.313 -0.178 66.0 7890000
10.606 -9.652 -0.187 65.0 7890000
-14.752 7.363 -0.110 75.7 7890000
8.850 1.075 -0.060 45.7 3289655
-8.016 -2.664 -0.181 47.6 3289655
0.745 -6.787 -0.100 63.8 7890000
8.905 4.904 -0.187 50.1 7890000
-8.505 5.707 -0.136 70.4 7890000
3.819 5.253 -0.005 50.8 7890000
-14.473 6.294 -0.021 75.1 7890000
18.376 0.851 -0.037 48.2 3289655
14.475 9.505 -0.108 59.0 7890000
18.088 0.969 -0.039 48.4 3289655
-15.811 8.498 -0.011 51.1 7890000
9.123 -9.174 -0.170 56.5 7890000
18.130 -0.939 -0.107 41.2 3289655
-15.860 5.711 -0.136 53.4 7890000
-1.377 -0.344 -0.160 46.4 3289655
-11.873 8.376 -0.196 70.8 7890000
-6.202 5.234 -0.065 59.0 7890000
2.893 -2.716 -0.070 48.5 3289655
-12.183 -2.731 -0.167 42.9 3289655
-19.004 0.750 -0.073 49.7 3289655
-7.207 7.874 -0.156 42.1 7890000
-15.878 -6.284 -0.088 44.6 7890000
9.629 -0.931 -0.164 36.8 3289655
5.256 4.573 -0.049 68.6 7890000
11.447 -5.816 -0.090 64.3 7890000
6.946 5.269 -0.005 47.6 7890000
-7.787 -8.695 -0.027 53.3 7890000
17.201 9.183 -0.055 61.2 7890000
5.379 5.918 -0.189 68.7 7890000
-14.535 6.576 -0.052 51.9 7890000
18.427 -0.661 -0.141 49.7 3289655
11.185 3.979 -0.080 61.7 7890000
-0.721 9.538 -0.195 43.1 7890000
-1.103 3.475 -0.127 69.9 7890000
-12.228 1.912 -0.135 40.1 3289655
-3.060 5.214 -0.135 59.4 7890000
11.198 6.032 -0.191 68.1 7890000
19.634 -1.671 -0.183 44.1 3289655
6.365 0.908 -0.119 45.4 3289655
-8.665 -4.387 -0.017 54.9 7890000
-7.163 1.714 -0.020 41.5 3289655
10.364 0.516 -0.120 41.2 3289655
-0.671 -0.709 -0.085 37.6 3289655
-11.179 -8.394 -0.097 50.2 7890000
-12.836 6.000 -0.094 74.3 7890000
-17.468 -2.397 -0.047 37.4 3289655
4.094 5.348 -0.155 77.5 7890000
2.586 -1.339 -0.191 31.3 3289655
9.996 5.044 -0.102 48.3 7890000
-3.580 -6.678 -0.184 60.6 7890000
8.489 1.393 -0.195 45.9 3289655
-16.096 -1.003 -0.102 33.9 3289655
18.742 -5.565 -0.138 68.7 7890000
12.869 6.377 -0.046 74.5 7890000
-10.699 8.961 -0.122 53.9 7890000
10.711 -0.718 -0.158 40.5 3289655
17.509 7.260 -0.101 67.0 7890000
-17.760 4.278 -0.145 57.6 7890000
0.306 4.626 -0.017 47.8 7890000
16.028 9.172 -0.177 57.5 7890000
5.670 -1.103 -0.171 47.1 3289655
-7.733 0.464 -0.139 33.1 3289655
-9.725 -5.106 -0.068 78.0 7890000
10.136 -5.900 -0.104 59.5 7890000
10.555 3.300 -0.055 45.5 7890000
15.296 3.964 -0.149 60.1 7890000
-0.222 -8.635 -0.002 47.1 7890000
8.243 0.589 -0.042 44.7 3289655
14.365 -4.280 -0.006 57.2 7890000
10.993 -0.256 -0.189 32.0 3289655
-17.309 -0.146 -0.126 38.9 3289655
14.126 8.752 -0.053 60.8 7890000
-5.779 2.706 -0.008 45.5 3289655
15.757 -4.760 -0.108 62.8 7890000
4.486 -2.858 -0.100 30.5 3289655
1.937 2.918 -0.077 32.5 3289655
-12.064 -3.326 -0.193 78.2 7890000
19.839 -1.107 -0.178 30.4 3289655
6.005 6.602 -0.095 70.4 7890000
-9.060 0.203 -0.193 38.0 3289655
-13.077 7.597 -0.168 52.7 7890000
18.631 0.212 -0.074 31.0 3289655
-12.258 -6.114 -0.157 49.1 7890000
-9.715 -5.782 -0.046 76.5 7890000
3.458 3.517 -0.006 64.3 7890000
15.301 -7.125 -0.022 52.1 7890000
18.189 7.364 -0.066 44.9 7890000
2.240 1.939 -0.047 45.0 3289655
-14.225 -4.968 -0.028 65.7 7890000
-3.290 -3.599 -0.051 48.6 7890000
-0.619 -5.117 -0.189 58.7 7890000
-0.429 -5.718 -0.122 47.8 7890000
3.136 -8.825 -0.096 52.5 7890000
-4.255 9.126 -0.096 64.4 7890000
-7.179 4.708 -0.092 63.3 7890000
-19.192 1.650 -0.179 32.2 3289655
-3.577 0.475 -0.003 34.1 3289655
5.998 7.934 -0.036 62.0 7890000
18.090 -1.264 -0.024 46.4 3289655
12.874 5.949 -0.117 56.9 7890000
-13.760 0.013 -0.165 38.5 3289655
-4.254 -4.992 -0.167 45.8 7890000
-19.770 -9.905 -0.116 51.2 7890000
-5.411 7.982 -0.002 66.7 7890000
-16.011 9.391 -0.107 70.9 7890000
-6.574 -4.333 -0.186 61.7 7890000
-1.583 -7.886 -0.036 57.7 7890000
-5.850 -2.344 -0.143 39.4 3289655
-6.056 -8.770 -0.041 75.1 7890000
-19.994 -1.689 -0.075 39.2 3289655
-16.383 -0.084 -0.031 41.7 3289655
9.219 3.183 -0.045 61.5 7890000
13.355 -7.059 -0.002 40.9 7890000
3.857 1.066 -0.083 46.4 3289655
17.416 -6.625 -0.127 61.8 7890000
8.717 -4.402 -0.097 44.1 7890000
4.823 -0.370 -0.004 40.3 3289655
0.264 -6.154 -0.130 70.9 7890000
-0.053 -2.333 -0.140 49.4 3289655
-18.339 1.632 -0.118 39.3 3289655
-8.672 8.970 -0.075 54.8 7890000
-2.300 5.885 -0.038 60.5 7890000
-7.196 0.030 -0.021 46.5 3289655
13.730 -3.944 -0.158 71.7 7890000
-12.133 -8.210 -0.029 40.0 7890000
3.839 5.139 -0.050 71.0 7890000
-0.500 0.003 -0.188 47.8 3289655
19.838 6.626 -0.146 42.6 7890000
8.493 2.859 -0.071 43.9 3289655
10.133 3.672 -0.041 80.0 7890000
9.313 -1.645 -0.053 42.1 3289655
-14.743 -6.156 -0.074 52.0 7890000
8.583 -6.952 -0.166 40.1 7890000
12.144 3.275 -0.191 54.9 7890000
2.586 -7.510 -0.166 78.8 7890000
-7.356 -7.841 -0.119 49.3 7890000
-9.979 4.677 -0.180 54.9 7890000
8.488 -1.583 -0.145 35.0 3289655
-11.539 5.094 -0.119 76.4 7890000
-13.320 4.432 -0.158 48.5 7890000
-7.968 0.371 -0.007 46.0 3289655
-6.418 -7.915 -0.162 76.8 7890000
-15.900 -4.173 -0.194 77.7 7890000
-15.317 7.294 -0.145 68.5 7890000
11.746 2.490 -0.070 42.6 3289655
16.851 -6.567 -0.186 62.9 7890000
11.035 2.260 -0.043 34.1 3289655
10.087 -0.486 -0.112 31.0 3289655
0.413 -3.632 -0.052 72.0 7890000
4.718 -3.124 -0.062 64.2 7890000
18.051 2.421 -0.043 34.3 3289655
14.290 3.175 -0.125 51.1 7890000
-3.533 2.410 -0.029 34.0 3289655
-1.776 -6.128 -0.140 56.7 7890000
5.258 -5.671 -0.127 68.2 7890000
17.970 9.619 -0.051 69.3 7890000
4.496 -9.523 -0.008 64.3 7890000
13.761 -6.462 -0.029 50.8 7890000
2.353 -2.758 -0.043 40.0 3289655
2.762 0.308 -0.015 44.9 3289655
4.622 -0.989 -0.196 36.4 3289655
13.582 -9.571 -0.137 58.6 7890000
-10.615 -6.373 -0.031 51.2 7890000
10.940 0.338 -0.101 44.5 3289655
1.842 6.628 -0.103 48.9 7890000
-1.659 4.123 -0.153 71.7 7890000
9.913 -5.283 -0.035 61.1 7890000
3.792 -8.745 -0.175 48.2 7890000
19.589 -1.266 -0.159 48.4 3289655
-9.629 3.566 -0.160 77.6 7890000
-6.905 -6.382 -0.150 67.2 7890000
-18.708 7.296 -0.107 75.7 7890000
2.882 1.681 -0.165 36.5 3289655
13.229 8.567 -0.152 65.4 7890000
13.601 2.072 -0.161 31.4 3289655
11.865 0.236 -0.015 49.9 3289655
-16.599 2.619 -0.058 48.5 3289655
-15.722 6.270 -0.006 72.4 7890000
14.596 -2.024 -0.016 30.1 3289655
2.570 4.812 -0.031 51.9 7890000
-2.576 4.502 -0.119 73.8 7890000
13.035 -6.296 -0.172 67.3 7890000
9.961 -2.348 -0.072 43.0 3289655
-9.859 6.055 -0.137 66.4 7890000
1.069 3.714 -0.177 44.0 7890000
7.276 -5.891 -0.198 52.6 7890000
-8.039 3.017 -0.116 53.9 7890000
15.013 6.094 -0.116 78.5 7890000
-19.852 -4.510 -0.200 53.6 7890000
7.985 9.956 -0.027 53.3 7890000
-14.878 -8.473 -0.145 55.3 7890000
-13.829 -1.138 -0.163 40.0 3289655
17.710 -3.930 -0.034 70.9 7890000
12.326 5.163 -0.097 73.1 7890000
-5.336 5.533 -0.143 54.5 7890000
8.449 5.784 -0.128 64.0 7890000
-15.487 2.823 -0.095 40.4 3289655
-16.547 1.814 -0.095 47.9 3289655
-15.313 5.744 -0.001 79.2 7890000
-8.054 -0.674 -0.136 33.3 3289655
-14.774 -6.943 -0.156 75.9 7890000
-10.306 -0.515 -0.100 33.3 3289655
13.260 9.424 -0.006 50.2 7890000
-16.496 6.839 -0.045 53.5 7890000
12.251 -8.753 -0.175 53.8 7890000
-8.742 6.432 -0.060 58.4 7890000
15.042 8.345 -0.110 65.1 7890000
17.907 -6.787 -0.082 57.0 7890000
-14.838 -5.507 -0.010 54.3 7890000
19.980 6.041 -0.174 71.3 7890000
8.495 8.867 -0.139 43.5 7890000
15.316 -3.212 -0.175 55.8 7890000
-16.634 -2.015 -0.112 34.9 3289655
18.643 -1.667 -0.125 30.0 3289655
-11.310 0.802 -0.192 47.4 3289655
16.200 7.115 -0.179 51.4 7890000
9.466 -7.283 -0.192 67.1 7890000
-13.095 -6.879 -0.003 66.7 7890000
-9.154 -9.677 -0.136 43.0 7890000
-11.734 3.332 -0.044 60.2 7890000
6.697 -6.436 -0.121 78.8 7890000
10.337 7.921 -0.047 48.1 7890000
-11.249 0.967 -0.155 34.5 3289655
-6.399 -6.595 -0.095 52.4 7890000
3.242 -4.034 -0.018 60.0 7890000
5.041 1.431 -0.175 35.3 3289655
13.453 4.231 -0.168 76.1 7890000
12.516 8.593 -0.052 42.9 7890000
2.012 -2.770 -0.165 42.1 3289655
3.314 -4.587 -0.082 66.2 7890000
-16.475 2.111 -0.023 44.3 3289655
17.913 -0.465 -0.069 40.1 3289655
-17.071 -0.587 -0.143 45.9 3289655
9.917 9.692 -0.084 74.4 7890000
19.519 8.161 -0.091 67.3 7890000
17.208 -0.150 -0.126 36.1 3289655
8.696 -5.055 -0.078 70.7 7890000
13.941 3.742 -0.029 48.9 7890000
-5.406 -5.814 -0.046 66.9 7890000
13.854 2.900 -0.125 38.4 3289655
7.649 -7.641 -0.002 71.7 7890000
17.889 5.964 -0.113 45.6 7890000
6.441 0.678 -0.086 38.4 3289655
2.735 -6.377 -0.129 53.5 7890000
-8.873 0.851 -0.091 30.6 3289655
-5.811 -9.121 -0.028 54.0 7890000
-1.332 -1.739 -0.024 43.5 3289655
-17.573 6.494 -0.036 72.3 7890000
-5.216 -0.780 -0.057 45.6 3289655
-4.910 -0.566 -0.044 47.5 3289655
14.315 3.423 -0.105 70.0 7890000
5.861 7.005 -0.039 73.0 7890000
14.664 -1.882 -0.176 34.9 3289655
14.850 9.122 -0.042 56.6 7890000
-7.198 -6.530 -0.007 50.0 7890000
12.375 -3.202 -0.146 55.2 7890000
10.705 -6.492 -0.163 63.6 7890000
-1.393 8.152 -0.034 63.0 7890000
15.055 -6.562 -0.127 61.6 7890000
-8.295 2.059 -0.114 44.7 3289655
-10.384 -1.888 -0.139 43.4 3289655
0.287 -9.667 -0.040 53.7 7890000
4.563 3.204 -0.146 41.8 7890000
7.086 0.529 -0.028 32.2 3289655
-4.813 -5.722 -0.134 62.0 7890000
-7.839 -5.883 -0.095 50.0 7890000
4.989 3.184 -0.142 65.0 7890000
-14.469 -6.091 -0.140 57.6 7890000
-0.431 -1.020 -0.111 36.3 3289655
-4.727 -8.823 -0.123 76.6 7890000
19.674 5.551 -0.048 48.6 7890000
12.167 -6.499 -0.050 57.4 7890000
-19.264 -4.236 -0.063 40.3 7890000
-0.372 -7.319 -0.064 48.0 7890000
-18.090 -2.534 -0.066 32.6 3289655
13.135 3.976 -0.175 77.0 7890000
-2.098 -5.123 -0.185 66.0 7890000
1.046 -8.659 -0.065 73.3 7890000
-19.943 6.130 -0.189 71.9 7890000
13.684 -8.292 -0.195 57.6 7890000
-7.353 -5.911 -0.077 47.4 7890000
17.227 -4.475 -0.098 77.1 7890000
-17.362 -5.757 -0.158 55.5 7890000
16.337 -3.644 -0.013 77.8 7890000
16.701 -0.430 -0.094 38.2 3289655
8.861 1.820 -0.129 33.8 3289655
-2.130 0.390 -0.098 42.9 3289655
8.238 3.045 -0.177 43.3 7890000
-12.412 -2.328 -0.033 43.0 3289655
14.798 1.515 -0.118 33.5 3289655
-7.964 -3.270 -0.181 54.2 7890000
10.157 -5.464 -0.142 49.7 7890000
2.801 9.603 -0.064 51.8 7890000
-8.047 -0.724 -0.091 35.2 3289655
-11.536 0.953 -0.152 39.3 3289655
7.724 3.601 -0.129 79.3 7890000
17.140 -1.518 -0.090 30.2 3289655
19.672 -9.462 -0.089 61.2 7890000
19.064 -9.355 -0.108 40.8 7890000
10.334 9.771 -0.067 69.8 7890000
-0.462 -9.999 -0.173 53.2 7890000
-4.551 9.509 -0.188 61.5 7890000
-4.514 6.888 -0.021 63.3 7890000
-5.287 -6.483 -0.138 57.3 7890000
18.804 -8.836 -0.049 52.8 7890000
-2.098 1.883 -0.154 33.6 3289655
12.405 -7.869 -0.189 44.6 7890000
-8.073 5.501 -0.186 50.3 7890000
8.918 8.980 -0.070 61.5 7890000
4.663 2.310 -0.166 33.5 3289655
7.504 -0.429 -0.168 31.5 3289655
16.706 4.872 -0.130 75.2 7890000
-5.119 9.511 -0.014 41.1 7890000
-13.994 -9.736 -0.081 69.2 7890000
7.674 2.314 -0.163 35.0 3289655
-7.968 1.606 -0.125 34.9 3289655
-9.866 7.223 -0.070 72.7 7890000
0.154 0.758 -0.151 47.9 3289655
11.464 -1.333 -0.024 38.0 3289655
13.327 -0.181 -0.165 49.5 3289655
12.258 -1.902 -0.129 45.5 3289655
16.044 3.628 -0.012 77.2 7890000
13.257 6.094 -0.144 55.5 7890000
-11.265 5.974 -0.028 50.2 7890000
14.626 8.606 -0.167 52.0 7890000
-12.103 -3.475 -0.193 53.9 7890000
-0.751 -9.158 -0.107 43.0 7890000
16.900 9.229 -0.010 53.1 7890000
11.939 0.598 -0.117 47.5 3289655
5.290 4.169 -0.043 40.7 7890000
0.802 4.283 -0.157 69.3 7890000
-10.616 4.584 -0.163 49.7 7890000
5.817 -4.072 -0.127 75.0 7890000
15.944 -6.925 -0.086 65.6 7890000
11.302 -3.446 -0.043 59.7 7890000
16.509 -2.549 -0.113 48.9 3289655
-15.559 6.576 -0.070 66.7 7890000
-3.217 -5.246 -0.154 71.1 7890000
4.313 2.233 -0.161 47.5 3289655
-0.669 -8.939 -0.107 76.8 7890000
10.032 -1.452 -0.012 42.4 3289655
8.196 -6.643 -0.193 62.4 7890000
13.928 7.081 -0.125 59.1 7890000
8.632 -1.410 -0.180 45.8 3289655
-5.351 -2.309 -0.111 35.1 3289655
-1.540 9.359 -0.022 71.6 7890000
12.717 3.959 -0.006 78.9 7890000
4.574 2.143 -0.069 47.0 3289655
-13.398 7.765 -0.155 65.8 7890000
-17.135 5.084 -0.013 60.5 7890000
-10.309 -7.848 -0.044 74.3 7890000
-5.631 -1.212 -0.161 40.0 3289655
-5.729 1.997 -0.011 32.6 3289655
-13.493 3.692 -0.097 72.1 7890000
-2.918 -7.396 -0.113 40.2 7890000
7.003 -3.322 -0.154 78.1 7890000
-7.674 -7.779 -0.111 64.7 7890000
8.266 9.402 -0.009 79.9 7890000
6.683 -7.360 -0.194 60.8 7890000
5.467 2.650 -0.030 49.0 3289655
-6.243 -2.743 -0.121 46.6 3289655
1.980 6.745 -0.089 55.9 7890000
-15.368 5.473 -0.094 53.2 7890000
6.602 -8.342 -0.044 68.8 7890000
2.510 6.477 -0.028 43.3 7890000
-12.459 -7.607 -0.007 41.6 7890000
-16.605 3.467 -0.121 56.8 7890000
-6.464 -1.114 -0.146 42.8 3289655
-14.189 -2.207 -0.189 39.6 3289655
-1.863 0.198 -0.116 38.8 3289655
-14.781 -1.635 -0.105 43.0 3289655
16.051 3.661 -0.173 47.1 7890000
5.991 1.570 -0.143 40.5 3289655
7.394 1.072 -0.126 48.3 3289655
8.296 3.218 -0.023 55.8 7890000
-16.359 1.378 -0.146 49.8 3289655
-3.070 -5.264 -0.184 66.4 7890000
17.214 7.076 -0.023 54.9 7890000
12.164 3.551 -0.136 47.1 7890000
16.169 -9.688 -0.175 66.4 7890000
2.824 -0.217 -0.146 47.9 3289655
14.395 2.886 -0.101 36.4 3289655
-9.295 -3.172 -0.035 43.0 7890000
2.029 -9.554 -0.094 58.7 7890000
-12.094 -2.366 -0.052 49.3 3289655
-14.093 -0.585 -0.074 43.7 3289655
16.206 6.900 -0.080 61.4 7890000
-12.665 -6.398 -0.052 65.1 7890000
2.184 -6.873 -0.010 49.9 7890000
11.675 -8.534 -0.160 72.7 7890000
10.173 -9.036 -0.126 72.5 7890000
-7.439 5.598 -0.149 51.3 7890000
-18.084 -3.267 -0.143 74.3 7890000
18.335 1.642 -0.041 33.5 3289655
2.397 0.668 -0.155 41.0 3289655
-14.246 0.778 -0.129 38.4 3289655
17.854 -7.338 -0.125 43.0 7890000
13.977 4.993 -0.003 50.5 7890000
-14.659 -3.430 -0.193 57.3 7890000
-1.292 -0.351 -0.173 30.0 3289655
-5.943 -2.770 -0.067 42.7 3289655
8.690 -1.516 -0.002 32.9 3289655
3.988 -9.831 -0.030 69.9 7890000
7.834 -5.535 -0.101 71.2 7890000
18.706 1.831 -0.000 30.3 3289655
9.535 -3.425 -0.035 66.1 7890000
-18.373 5.007 -0.176 70.0 7890000
10.546 5.288 -0.172 43.6 7890000
-18.878 0.232 -0.000 37.9 3289655
-9.835 -3.778 -0.195 70.7 7890000
4.729 -5.009 -0.101 74.6 7890000
-7.197 -2.928 -0.035 33.2 3289655
6.369 7.011 -0.174 51.4 7890000
16.501 7.983 -0.150 72.4 7890000
6.575 -9.034 -0.143 41.4 7890000
16.804 0.454 -0.005 35.3 3289655
7.592 9.024 -0.030 72.7 7890000
5.370 0.968 -0.127 35.8 3289655
9.528 2.715 -0.160 44.6 3289655
3.945 3.901 -0.048 61.9 7890000
13.107 7.780 -0.167 79.1 7890000
-4.474 5.867 -0.025 50.4 7890000
19.699 -6.879 -0.014 74.6 7890000
-18.550 1.607 -0.116 37.2 3289655
-7.903 9.756 -0.022 49.8 7890000
6.309 7.238 -0.003 42.5 7890000
10.555 -5.925 -0.075 52.1 7890000
-17.629 0.275 -0.130 34.8 3289655
-15.821 -4.491 -0.108 76.5 7890000
-3.659 5.310 -0.006 64.1 7890000
-5.889 -7.770 -0.010 42.1 7890000
3.979 -2.155 -0.090 33.2 3289655
13.191 -3.737 -0.190 71.2 7890000
14.871 9.213 -0.077 68.7 7890000
15.017 2.287 -0.064 38.8 3289655
-13.404 3.584 -0.059 79.4 7890000
14.354 -2.393 -0.056 36.7 3289655
-2.440 -4.740 -0.104 75.4 7890000
-17.210 5.757 -0.109 67.0 7890000
18.915 8.850 -0.016 68.1 7890000
11.033 3.758 -0.113 42.9 7890000
-7.395 3.095 -0.061 78.2 7890000
-6.518 -8.078 -0.183 69.3 7890000
-3.331 9.029 -0.051 73.1 7890000
1.957 -2.206 -0.179 39.9 3289655
-11.700 -3.196 -0.197 44.9 7890000
14.714 -4.545 -0.190 43.7 7890000
14.953 -4.809 -0.056 55.6 7890000
-4.776 -0.843 -0.015 43.9 3289655
-14.012 1.046 -0.033 48.8 3289655
-18.321 -2.537 -0.018 37.9 3289655
-9.267 -9.668 -0.130 58.5 7890000
-6.170 -4.927 -0.140 55.4 7890000
18.986 4.503 -0.104 45.6 7890000
8.613 1.327 -0.157 46.2 3289655
-3.493 -7.008 -0.074 78.0 7890000
13.488 -5.175 -0.074 53.1 7890000
9.509 2.560 -0.018 40.5 3289655
-10.528 -5.733 -0.018 56.9 7890000
-17.308 3.176 -0.187 44.9 7890000
-15.651 -0.760 -0.041 34.6 3289655
17.864 2.403 -0.012 46.1 3289655
-17.981 -5.256 -0.171 56.3 7890000
7.531 0.248 -0.021 33.4 3289655
3.923 7.729 -0.169 48.3 7890000
9.055 4.143 -0.121 50.7 7890000
-4.489 6.315 -0.067 67.2 7890000
3.532 7.550 -0.185 40.6 7890000
15.173 -4.393 -0.060 46.9 7890000
17.841 -8.138 -0.059 53.4 7890000
-3.200 -5.926 -0.184 56.4 7890000
-14.793 -3.082 -0.031 53.6 7890000
-5.512 -6.131 -0.100 56.7 7890000
-5.396 -0.438 -0.068 36.1 3289655
-7.525 6.327 -0.093 52.8 7890000
-15.172 2.785 -0.197 38.0 3289655
11.204 -5.837 -0.179 69.1 7890000
-4.538 8.506 -0.099 53.6 7890000
-1.187 -4.724 -0.012 59.5 7890000
18.971 5.460 -0.145 41.6 7890000
-17.385 9.021 -0.069 64.3 7890000
10.476 7.286 -0.073 75.0 7890000
18.364 7.471 -0.164 55.2 7890000
-19.159 0.426 -0.125 35.7 3289655
0.088 -4.690 -0.046 43.6 7890000
4.171 6.853 -0.185 57.1 7890000
1.296 4.011 -0.158 78.9 7890000
8.278 7.520 -0.062 53.7 7890000
-10.075 -1.604 -0.076 30.3 3289655
-0.803 0.893 -0.103 49.1 3289655
-18.044 0.998 -0.187 38.4 3289655
9.013 2.223 -0.098 37.8 3289655
-9.596 -5.511 -0.123 47.8 7890000
-5.831 3.637 -0.037 46.7 7890000
-13.512 2.450 -0.088 39.6 3289655
5.410 9.221 -0.191 46.0 7890000
3.203 7.677 -0.038 74.2 7890000
18.049 3.141 -0.005 76.4 7890000
-2.418 -2.660 -0.174 36.7 3289655
7.240 -5.747 -0.135 79.8 7890000
-7.609 2.815 -0.199 46.8 3289655
16.640 -3.358 -0.080 44.3 7890000
-17.242 -7.314 -0.111 66.4 7890000
-8.857 7.169 -0.106 56.6 7890000
10.268 1.278 -0.126 43.7 3289655
11.173 3.902 -0.004 52.2 7890000
-4.051 3.062 -0.166 63.1 7890000
16.589 4.710 -0.120 64.3 7890000
17.367 -5.177 -0.107 59.6 7890000
-14.473 -2.126 -0.151 37.3 3289655
9.696 6.160 -0.171 60.0 7890000
4.354 -1.246 -0.005 30.3 3289655
-5.010 -3.439 -0.033 76.2 7890000
5.652 5.163 -0.197 53.1 7890000
10.575 0.889 -0.010 36.3 3289655
-15.314 -4.406 -0.029 59.3 7890000
3.068 -5.039 -0.010 75.3 7890000
13.953 -2.516 -0.173 47.6 3289655
15.916 -8.207 -0.066 45.9 7890000
-6.782 8.625 -0.196 74.3 7890000
-19.311 4.904 -0.001 67.4 7890000
15.227 -2.424 -0.080 43.4 3289655
-10.499 0.334 -0.199 33.3 3289655
3.277 -8.386 -0.105 70.0 7890000
-9.215 9.450 -0.049 65.7 7890000
11.685 -6.891 -0.014 41.0 7890000
-5.551 -9.951 -0.189 77.5 7890000
-6.506 -2.352 -0.048 34.3 3289655
-7.098 -2.793 -0.117 37.5 3289655
17.777 -8.929 -0.155 51.1 7890000
-14.401 -4.868 -0.171 56.4 7890000
19.257 -1.677 -0.097 33.9 3289655
4.684 9.237 -0.194 60.3 7890000
0.136 3.862 -0.105 43.8 7890000
16.699 6.722 -0.136 54.3 7890000
-7.452 -1.839 -0.113 48.2 3289655
-17.452 5.557 -0.116 41.2 7890000
17.351 0.276 -0.049 30.6 3289655
8.683 -1.294 -0.122 31.7 3289655
-6.644 4.631 -0.115 66.0 7890000
-16.225 5.249 -0.007 55.9 7890000
-2.661 6.066 -0.167 60.4 7890000
13.233 3.552 -0.033 56.2 7890000
8.057 -5.730 -0.195 49.1 7890000
0.526 7.684 -0.094 46.8 7890000
-10.895 4.807 -0.018 69.9 7890000
5.159 3.285 -0.031 71.6 7890000
3.482 -1.373 -0.140 30.2 3289655
-1.647 -6.628 -0.117 76.2 7890000
-16.319 9.082 -0.066 55.7 7890000
2.884 -7.031 -0.194 54.8 7890000
16.794 -8.780 -0.118 59.5 7890000
-2.148 3.546 -0.169 63.7 7890000
-8.895 9.458 -0.048 42.9 7890000
-14.565 -1.911 -0.003 32.6 3289655
-5.712 -4.691 -0.016 78.6 7890000
-1.587 8.722 -0.186 60.4 7890000
8.380 9.262 -0.146 79.8 7890000
19.697 -0.262 -0.068 48.3 3289655
-17.280 6.224 -0.123 74.7 7890000
18.622 1.824 -0.006 32.1 3289655
-14.267 -4.391 -0.135 55.0 7890000
7.131 5.753 -0.071 62.5 7890000
-10.850 0.870 -0.080 33.9 3289655
-13.080 8.394 -0.045 72.6 7890000
-18.408 5.048 -0.159 54.2 7890000
-14.053 5.587 -0.062 80.0 7890000
1.851 -6.289 -0.181 79.8 7890000
1.998 -7.690 -0.183 42.4 7890000
-14.021 0.032 -0.164 43.4 3289655
-14.777 3.443 -0.191 46.6 7890000
-19.217 2.395 -0.119 37.8 3289655
-17.037 9.923 -0.185 50.9 7890000
3.966 -0.624 -0.113 39.6 3289655
11.772 -2.710 -0.043 37.6 3289655
2.183 -6.250 -0.092 40.9 7890000
13.147 9.820 -0.101 66.5 7890000
-2.977 -9.590 -0.168 71.4 7890000
0.741 3.256 -0.134 49.5 7890000
-3.118 -4.085 -0.052 77.2 7890000
12.564 -3.604 -0.048 64.5 7890000
13.240 -3.643 -0.187 76.1 7890000
0.626 7.446 -0.083 56.8 7890000
12.614 8.635 -0.109 61.6 7890000
14.697 7.549 -0.016 67.5 7890000
9.866 7.456 -0.090 61.9 7890000
-11.932 -4.949 -0.025 61.5 7890000
13.771 -9.181 -0.019 78.7 7890000
-11.322 -7.970 -0.189 48.7 7890000
-4.676 8.970 -0.012 43.8 7890000
10.977 -9.283 -0.165 78.7 7890000
-16.921 4.783 -0.148 42.0 7890000
-8.352 4.236 -0.121 78.2 7890000
18.214 6.584 -0.058 70.7 7890000
11.155 5.491 -0.147 54.1 7890000
7.275 -6.116 -0.142 77.1 7890000
-19.920 1.476 -0.029 35.7 3289655
-13.548 -3.354 -0.053 40.2 7890000
-5.294 9.110 -0.035 40.3 7890000
-6.716 6.507 -0.173 64.2 7890000
-7.176 9.198 -0.085 72.5 7890000
-1.338 -8.580 -0.071 40.2 7890000
-10.484 -5.750 -0.084 61.2 7890000
15.319 6.021 -0.053 79.5 7890000
11.995 -7.814 -0.095 64.2 7890000
19.863 -6.712 -0.034 45.1 7890000
-3.941 9.100 -0.140 52.9 7890000
10.878 -7.481 -0.155 56.2 7890000
4.941 -4.767 -0.008 53.5 7890000
-2.956 -5.683 -0.198 75.8 7890000
-17.935 3.472 -0.076 75.5 7890000
-15.790 2.446 -0.148 30.9 3289655
-17.429 1.230 -0.142 30.4 3289655
4.657 2.198 -0.176 30.7 3289655
16.429 -2.109 -0.196 37.3 3289655
12.473 2.543 -0.024 36.9 3289655
5.097 -6.998 -0.157 59.2 7890000
17.501 6.554 -0.194 78.1 7890000
8.065 1.571 -0.102 45.4 3289655
17.518 -1.674 -0.035 44.6 3289655
-14.159 -6.298 -0.058 44.2 7890000
-5.819 -8.763 -0.086 75.1 7890000
-5.466 -8.526 -0.006 75.6 7890000
-3.770 -0.736 -0.186 30.1 3289655
8.434 -1.302 -0.119 33.4 3289655
19.507 -9.151 -0.103 63.0 7890000
8.458 -9.055 -0.160 43.1 7890000
-1.979 4.825 -0.021 49.1 7890000
-13.442 -4.640 -0.164 55.6 7890000
12.615 6.049 -0.138 53.1 7890000
-16.278 -6.989 -0.057 68.2 7890000
14.435 -2.532 -0.104 32.0 3289655
17.240 -3.202 -0.007 70.8 7890000
11.193 -7.451 -0.183 51.4 7890000
3.793 -3.886 -0.152 77.0 7890000
3.462 7.734 -0.156 61.6 7890000
15.186 9.623 -0.040 61.9 7890000
12.716 1.485 -0.114 32.7 3289655
-16.991 -4.742 -0.084 64.9 7890000
16.669 3.660 -0.032 45.6 7890000
16.554 4.878 -0.179 49.2 7890000
2.264 9.908 -0.161 53.6 7890000
15.502 -0.155 -0.008 49.4 3289655
-12.493 -3.323 -0.059 68.5 7890000
4.596 6.958 -0.151 74.1 7890000
13.955 -7.170 -0.160 68.0 7890000
9.682 8.300 -0.125 74.0 7890000
16.806 7.943 -0.200 44.5 7890000
-16.164 -3.943 -0.189 51.3 7890000
-16.831 -6.771 -0.034 71.4 7890000
-10.011 6.325 -0.144 54.7 7890000
4.630 -9.357 -0.144 67.3 7890000
9.043 6.619 -0.137 50.1 7890000
-10.159 5.019 -0.061 46.8 7890000
-8.398 1.771 -0.025 39.4 3289655
-18.913 7.147 -0.140 61.0 7890000
17.105 8.785 -0.159 40.9 7890000
-0.839 -9.891 -0.188 79.7 7890000
-4.767 3.565 -0.021 48.9 7890000
3.063 5.531 -0.025 55.8 7890000
15.261 -5.069 -0.032 58.7 7890000
-12.908 -7.231 -0.141 55.8 7890000
0.509 -6.370 -0.123 50.8 7890000
3.627 0.113 -0.120 31.1 3289655
-10.937 -7.364 -0.013 62.3 7890000
-7.562 7.316 -0.170 71.8 7890000
-6.539 -4.294 -0.049 76.4 7890000
-4.684 -8.062 -0.102 58.6 7890000
-8.999 8.054 -0.017 44.3 7890000
2.404 6.972 -0.127 60.7 7890000
-12.884 7.028 -0.031 48.7 7890000
-1.394 -5.424 -0.054 69.2 7890000
-17.235 6.819 -0.022 74.4 7890000
1.815 1.976 -0.152 37.1 3289655
-18.780 -0.266 -0.038 36.6 3289655
2.351 -3.223 -0.178 47.0 7890000
11.736 9.435 -0.003 49.8 7890000
2.617 -1.265 -0.167 47.9 3289655
-15.195 -1.150 -0.139 31.9 3289655
-10.943 7.283 -0.042 77.6 7890000
8.707 4.366 -0.122 77.4 7890000
-9.333 9.424 -0.009 68.1 7890000
-2.328 4.465 -0.016 67.9 7890000
-13.328 5.442 -0.149 43.5 7890000
-16.560 2.731 -0.182 38.4 3289655
13.361 6.001 -0.194 42.8 7890000
-2.903 -0.903 -0.052 43.9 3289655
3.603 0.903 -0.090 35.2 3289655
-9.653 -2.218 -0.097 38.5 3289655
18.138 9.254 -0.051 76.3 7890000
-7.857 6.994 -0.145 65.0 7890000
-1.549 -7.096 -0.148 60.7 7890000
-17.906 -5.264 -0.034 72.0 7890000
-10.475 6.549 -0.145 43.3 7890000
9.142 -1.950 -0.188 36.7 3289655
14.249 -4.551 -0.093 59.9 7890000
18.403 -5.554 -0.041 45.3 7890000
-9.591 6.564 -0.084 71.4 7890000
-12.958 7.015 -0.189 62.3 7890000
-17.602 3.699 -0.119 51.9 7890000
-14.495 -4.341 -0.032 69.3 7890000
1.235 5.020 -0.115 79.8 7890000
13.324 8.492 -0.037 58.8 7890000
-14.628 -9.209 -0.120 40.4 7890000
15.847 4.282 -0.183 41.7 7890000
-0.374 8.136 -0.168 60.7 7890000
10.385 0.670 -0.140 33.1 3289655
-16.884 9.460 -0.040 67.8 7890000
16.467 6.666 -0.127 42.1 7890000
-0.781 -9.740 -0.112 44.8 7890000
15.673 -7.496 -0.195 51.4 7890000
8.059 -1.154 -0.097 38.8 3289655
-6.440 -1.475 -0.027 31.0 3289655
-12.244 9.799 -0.176 69.8 7890000
-14.343 -1.665 -0.186 35.1 3289655
19.741 0.884 -0.162 36.0 3289655
10.933 -5.571 -0.119 49.8 7890000
7.149 6.852 -0.077 70.2 7890000
-4.715 6.168 -0.053 41.6 7890000
3.832 3.274 -0.039 46.5 7890000
12.731 9.482 -0.160 47.1 7890000
-6.991 4.876 -0.072 43.6 7890000
-15.174 8.121 -0.066 47.7 7890000
3.142 -8.116 -0.123 46.5 7890000
13.093 9.827 -0.184 40.5 7890000
4.569 7.144 -0.123 56.0 7890000
-5.160 3.398 -0.083 64.8 7890000
-13.924 -8.883 -0.087 76.5 7890000
19.138 -5.945 -0.175 48.9 7890000
-9.334 -7.742 -0.112 74.2 7890000
1.353 -6.470 -0.106 78.8 7890000
-13.144 -1.450 -0.110 37.4 3289655
16.810 3.281 -0.005 65.0 7890000
-14.188 -2.964 -0.170 36.6 3289655
-12.134 -5.342 -0.112 47.0 7890000
11.655 6.497 -0.179 49.5 7890000
-3.880 -6.340 -0.015 47.1 7890000
9.380 -0.851 -0.070 41.6 3289655
-9.317 -2.368 -0.148 49.6 3289655
-14.782 9.526 -0.040 57.6 7890000
-3.525 -1.389 -0.107 42.8 3289655
3.733 -6.148 -0.183 78.8 7890000
-17.766 5.977 -0.073 58.8 7890000
13.719 -2.878 -0.027 34.1 3289655
-6.387 5.070 -0.075 56.0 7890000
-17.023 9.250 -0.130 54.2 7890000
16.037 -2.132 -0.095 32.8 3289655
-4.996 6.626 -0.009 66.3 7890000
16.022 -0.322 -0.055 31.0 3289655
10.825 4.997 -0.043 79.9 7890000
-9.096 2.161 -0.052 39.6 3289655
13.302 5.334 -0.056 53.2 7890000
7.114 -5.194 -0.159 49.1 7890000
-12.464 -9.414 -0.164 54.2 7890000
9.223 -3.806 -0.008 58.9 7890000
15.296 -5.740 -0.091 73.9 7890000
7.779 0.095 -0.141 40.6 3289655
-5.349 -6.829 -0.181 52.4 7890000
-14.808 0.754 -0.048 48.8 3289655
9.023 -0.461 -0.126 33.5 3289655
2.850 -6.916 -0.050 54.7 7890000
-5.390 -8.146 -0.037 55.3 7890000
-12.685 -2.104 -0.125 41.7 3289655
19.491 6.692 -0.072 41.8 7890000
14.631 -6.195 -0.119 46.7 7890000
-16.436 4.662 -0.015 48.7 7890000
13.138 -5.671 -0.093 71.5 7890000
15.199 -2.979 -0.179 41.2 3289655
8.382 0.759 -0.137 42.9 3289655
16.547 -6.446 -0.112 53.1 7890000
-6.304 5.337 -0.182 41.1 7890000
-11.655 -7.847 -0.140 76.9 7890000
-0.943 5.050 -0.190 72.3 7890000
18.314 7.852 -0.157 68.7 7890000
18.053 4.243 -0.032 69.2 7890000
-5.236 -0.689 -0.051 35.7 3289655
-10.860 4.775 -0.139 57.8 7890000
-1.225 -3.578 -0.092 49.8 7890000
6.238 -3.635 -0.151 73.6 7890000
-13.823 5.798 -0.168 72.1 7890000
10.230 -0.282 -0.085 46.8 3289655
-2.012 -0.686 -0.152 34.6 3289655
7.191 -9.261 -0.153 78.6 7890000
11.379 -5.776 -0.163 49.1 7890000
-3.745 1.454 -0.127 35.5 3289655
17.246 -1.384 -0.047 32.2 3289655
12.216 -0.963 -0.190 36.3 3289655
15.074 7.019 -0.006 68.7 7890000
12.198 6.065 -0.098 58.6 7890000
3.082 9.971 -0.155 61.7 7890000
4.509 -0.032 -0.118 49.7 3289655
-18.109 0.828 -0.091 41.3 3289655
9.423 4.276 -0.097 70.8 7890000
-6.789 -2.593 -0.197 35.6 3289655
19.356 3.983 -0.085 64.5 7890000
3.374 8.137 -0.032 51.7 7890000
16.725 3.073 -0.160 65.2 7890000
12.223 7.187 -0.092 62.6 7890000
13.279 -3.405 -0.106 40.8 7890000
-5.055 -4.132 -0.179 55.3 7890000
9.931 9.802 -0.045 72.6 7890000
3.385 -4.560 -0.037 71.1 7890000
4.105 -5.704 -0.042 69.5 7890000
-15.746 4.600 -0.129 62.9 7890000
2.308 -5.028 -0.038 58.8 7890000
4.305 -2.026 -0.066 47.5 3289655
-9.971 -5.185 -0.086 44.8 7890000
-18.662 -6.593 -0.057 56.2 7890000
-7.830 -6.014 -0.047 74.7 7890000
-10.234 2.536 -0.125 43.7 3289655
13.336 0.578 -0.197 43.8 3289655
13.103 -6.892 -0.184 54.9 7890000
9.218 7.634 -0.016 73.6 7890000
12.683 -0.364 -0.048 44.5 3289655
-12.447 5.154 -0.100 76.7 7890000
10.894 7.135 -0.093 51.0 7890000
-4.086 8.559 -0.133 72.2 7890000
4.450 -0.371 -0.030 45.0 3289655
-11.087 -9.179 -0.071 63.3 7890000
-6.236 9.306 -0.030 76.9 7890000
16.526 3.971 -0.001 67.0 7890000
10.613 -4.070 -0.144 45.3 7890000
-9.442 3.523 -0.100 42.1 7890000
6.691 -8.112 -0.099 47.4 7890000
15.467 8.592 -0.058 59.1 7890000
-9.785 0.199 -0.189 41.4 3289655
2.265 -4.731 -0.050 50.9 7890000
-19.068 3.576 -0.106 58.4 7890000
18.476 -9.669 -0.192 74.0 7890000
-8.151 -7.427 -0.121 57.0 7890000
-19.379 -2.266 -0.062 47.1 3289655
-8.807 5.319 -0.076 70.6 7890000
8.686 5.785 -0.189 47.7 7890000
12.365 5.317 -0.134 67.5 7890000
-0.530 -9.494 -0.034 53.2 7890000
17.633 -8.120 -0.085 74.8 7890000
-2.399 -0.116 -0.030 32.6 3289655
19.638 5.033 -0.155 63.1 7890000
16.314 -7.418 -0.027 71.8 7890000
0.856 1.657 -0.176 38.7 3289655
-5.106 -4.408 -0.005 76.0 7890000
7.318 1.796 -0.118 45.8 3289655
-16.545 -9.698 -0.142 42.1 7890000
-10.921 4.607 -0.035 60.8 7890000
14.770 -9.378 -0.091 41.0 7890000
-14.623 5.854 -0.070 70.9 7890000
1.947 0.611 -0.154 46.9 3289655
-11.563 0.466 -0.145 48.2 3289655
-11.720 0.899 -0.194 41.4 3289655
7.320 -3.016 -0.085 52.9 7890000
2.495 -1.866 -0.156 31.3 3289655
9.773 1.561 -0.142 31.2 3289655
15.291 -1.266 -0.172 42.4 3289655
-10.261 -1.616 -0.072 31.1 3289655
-6.159 -2.174 -0.122 44.0 3289655
-1.534 -5.614 -0.052 61.5 7890000
-15.759 -0.995 -0.155 49.4 3289655
-6.057 -9.294 -0.185 56.2 7890000
0.685 -8.490 -0.164 47.8 7890000
-19.290 -8.534 -0.148 62.4 7890000
5.126 0.762 -0.056 34.5 3289655
15.510 1.289 -0.192 41.8 3289655
-1.762 -3.897 -0.070 45.8 7890000
-1.757 -0.312 -0.107 41.3 3289655
-17.909 0.727 -0.051 43.8 3289655
18.015 6.568 -0.127 44.4 7890000
-19.885 -5.689 -0.041 53.4 7890000
-10.011 -9.141 -0.130 48.4 7890000
-17.288 -5.229 -0.161 74.1 7890000
5.126 -0.822 -0.006 48.9 3289655
-0.273 -0.123 -0.007 48.1 3289655
-15.759 -0.638 -0.060 41.9 3289655
-13.484 -5.012 -0.115 45.4 7890000
-0.154 7.251 -0.060 48.7 7890000
-13.849 -7.248 -0.187 74.5 7890000
-6.489 7.767 -0.086 59.0 7890000
-4.315 4.342 -0.005 46.9 7890000
4.170 0.250 -0.047 45.8 3289655
-3.747 6.626 -0.005 46.6 7890000
1.301 2.523 -0.120 33.2 3289655
14.421 5.814 -0.005 47.9 7890000
-2.784 5.019 -0.050 40.0 7890000
8.585 1.910 -0.002 47.5 3289655
0.583 2.380 -0.062 35.1 3289655
9.524 -2.949 -0.018 33.1 3289655
10.842 -9.950 -0.122 41.9 7890000
-18.117 3.849 -0.078 68.5 7890000
15.129 2.103 -0.072 41.7 3289655
-12.791 1.694 -0.130 45.2 3289655
-16.416 -3.387 -0.030 77.7 7890000
9.399 -8.522 -0.139 79.0 7890000
-7.178 1.154 -0.173 49.2 3289655
15.267 -6.998 -0.130 65.0 7890000
-7.184 1.608 -0.117 43.7 3289655
-7.197 6.005 -0.159 57.8 7890000
9.417 -6.738 -0.183 42.0 7890000
1.963 -1.616 -0.198 34.6 3289655
-4.274 7.176 -0.138 58.3 7890000
-5.910 8.425 -0.071 47.0 7890000
-10.961 0.187 -0.078 46.3 3289655
1.552 6.355 -0.191 43.9 7890000
10.734 -0.379 -0.152 47.9 3289655
-19.079 -0.801 -0.083 32.5 3289655
8.082 2.010 -0.015 44.1 3289655
4.968 -6.847 -0.163 78.1 7890000
-0.097 9.290 -0.185 45.3 7890000
17.363 -5.432 -0.195 51.6 7890000
6.543 6.437 -0.019 66.9 7890000
12.354 2.623 -0.173 37.3 3289655
5.470 -6.042 -0.159 52.5 7890000
18.359 -9.960 -0.098 73.1 7890000
-18.278 -1.827 -0.186 32.6 3289655
-3.649 8.539 -0.009 74.6 7890000
-9.865 8.424 -0.077 68.8 7890000
1.400 -3.823 -0.048 51.6 7890000
-3.392 -6.005 -0.086 54.0 7890000
-4.448 2.921 -0.090 41.0 3289655
12.204 1.982 -0.040 39.7 3289655
-6.250 6.088 -0.022 59.1 7890000
-3.505 -0.401 -0.152 39.8 3289655
10.446 -4.906 -0.001 58.2 7890000
1.895 1.593 -0.131 32.9 3289655
-12.308 -1.534 -0.032 36.6 3289655
-8.881 -2.735 -0.057 48.8 3289655
-5.893 1.662 -0.117 46.7 3289655
14.871 -9.403 -0.104 47.6 7890000
-6.401 4.762 -0.175 49.4 7890000
-14.530 4.330 -0.123 69.9 7890000
19.137 -6.679 -0.070 70.0 7890000
-6.016 2.605 -0.054 42.0 3289655
11.412 9.565 -0.106 41.9 7890000
-11.538 -7.581 -0.145 71.7 7890000
13.067 4.303 -0.089 53.1 7890000
-4.350 -2.842 -0.175 34.2 3289655
-10.478 -7.639 -0.149 66.8 7890000
-2.313 -9.457 -0.176 53.0 7890000
-6.336 0.645 -0.192 48.4 3289655
-18.285 -8.650 -0.123 79.2 7890000
-15.687 -6.673 -0.159 45.0 7890000
0.729 -0.407 -0.074 34.0 3289655
14.345 8.779 -0.130 70.0 7890000
11.471 1.392 -0.124 43.3 3289655
-7.384 -5.139 -0.180 55.6 7890000
-12.255 -8.063 -0.127 57.0 7890000
-4.394 -5.367 -0.197 61.4 7890000
6.181 3.389 -0.009 53.9 7890000
6.028 -7.058 -0.017 69.6 7890000
-18.426 -6.669 -0.037 67.3 7890000
-18.469 -0.813 -0.002 35.6 3289655
-12.736 9.093 -0.008 77.6 7890000
6.871 0.907 -0.083 31.8 3289655
-0.911 9.482 -0.017 54.6 7890000
0.201 0.347 -0.070 37.7 3289655
7.068 -8.459 -0.157 57.8 7890000
12.419 0.459 -0.129 30.8 3289655
-15.386 -1.985 -0.014 41.5 3289655
15.087 7.617 -0.066 79.2 7890000
-12.966 -9.957 -0.175 68.1 7890000
8.778 8.430 -0.165 64.1 7890000
0.313 -0.814 -0.085 47.3 3289655
-6.616 -3.223 -0.199 76.0 7890000
10.557 7.733 -0.188 44.8 7890000
-8.519 9.913 -0.021 55.4 7890000
0.833 -3.327 -0.082 52.5 7890000
-19.716 -7.126 -0.106 76.4 7890000
12.770 -1.523 -0.137 46.3 3289655
7.188 2.843 -0.115 40.5 3289655
-19.915 -9.664 -0.187 53.2 7890000
13.957 1.442 -0.011 40.9 3289655
14.751 1.119 -0.046 38.6 3289655
-10.285 4.388 -0.047 64.5 7890000
2.483 -3.908 -0.177 59.7 7890000
6.766 2.899 -0.019 40.5 3289655
2.243 0.846 -0.120 47.2 3289655
6.711 -5.297 -0.143 75.5 7890000
-11.245 4.881 -0.027 54.6 7890000
4.472 6.835 -0.049 67.7 7890000
-8.463 -7.358 -0.031 71.0 7890000
-12.426 -9.191 -0.113 61.9 7890000
7.815 0.410 -0.165 37.9 3289655
1.731 -2.312 -0.153 34.1 3289655
-1.057 -5.496 -0.065 54.6 7890000
-8.446 2.968 -0.006 34.3 3289655
16.965 0.839 -0.098 30.6 3289655
13.863 -0.967 -0.038 31.9 3289655
-16.451 1.492 -0.063 39.4 3289655
-11.340 5.841 -0.001 41.9 7890000
14.298 -0.810 -0.005 36.3 3289655
-12.626 7.754 -0.134 40.9 7890000
-15.389 3.921 -0.117 53.9 7890000
-17.983 -6.654 -0.049 51.6 7890000
10.089 -8.379 -0.104 66.3 7890000
-13.823 -4.741 -0.154 42.3 7890000
16.292 -1.119 -0.087 45.0 3289655
-16.176 1.359 -0.007 44.1 3289655
-18.235 -0.656 -0.145 43.7 3289655
8.526 -4.030 -0.042 59.3 7890000
-8.327 8.093 -0.122 71.9 7890000
13.975 -4.030 -0.028 54.2 7890000
-14.130 3.089 -0.110 52.7 7890000
-11.949 9.045 -0.174 70.3 7890000
10.523 1.747 -0.181 38.2 3289655
12.661 -4.215 -0.157 76.7 7890000
-12.531 -0.261 -0.196 46.1 3289655
13.584 8.084 -0.005 65.2 7890000
-6.595 5.953 -0.084 50.0 7890000
18.321 1.451 -0.135 32.4 3289655
3.815 1.148 -0.199 37.8 3289655
19.635 -4.282 -0.067 51.7 7890000
-10.610 -3.497 -0.122 63.7 7890000
-17.941 -0.664 -0.137 39.8 3289655
2.828 -5.478 -0.074 41.9 7890000
0.122 8.057 -0.020 79.9 7890000
-5.393 7.740 -0.130 70.5 7890000
19.759 1.602 -0.125 46.5 3289655
-14.984 3.667 -0.165 44.4 7890000
-11.101 2.309 -0.005 32.1 3289655
14.012 -1.930 -0.112 44.7 3289655
6.404 7.651 -0.054 45.1 7890000
5.695 6.054 -0.117 56.0 7890000
-12.204 -5.956 -0.051 69.0 7890000
-18.416 -1.777 -0.074 43.7 3289655
-15.173 2.195 -0.003 44.2 3289655
11.424 0.798 -0.059 31.8 3289655
3.273 9.990 -0.027 71.8 7890000
12.685 8.120 -0.014 46.1 7890000
-1.022 -2.193 -0.040 38.7 3289655
9.062 2.980 -0.132 44.1 3289655
10.245 9.850 -0.143 78.0 7890000
2.347 1.780 -0.026 39.8 3289655
8.558 -5.684 -0.172 47.3 7890000
-16.613 7.596 -0.170 51.0 7890000
-0.872 9.188 -0.052 49.0 7890000
-17.677 -5.949 -0.156 75.2 7890000
6.522 1.763 -0.190 32.0 3289655
12.594 6.903 -0.144 63.8 7890000
1.401 -7.781 -0.064 62.6 7890000
13.739 -5.961 -0.099 72.3 7890000
-13.914 -8.931 -0.103 79.8 7890000
11.341 -0.414 -0.175 47.2 3289655
-13.991 -9.341 -0.018 55.4 7890000
4.163 -3.186 -0.168 61.5 7890000
0.561 0.702 -0.021 46.2 3289655
0.134 -2.379 -0.016 32.1 3289655
3.458 -4.367 -0.200 69.8 7890000
18.334 -9.888 -0.073 72.9 7890000
3.968 9.813 -0.115 70.7 7890000
-4.310 -8.740 -0.002 45.9 7890000
-4.442 -7.314 -0.035 70.0 7890000
19.343 -2.377 -0.169 41.6 3289655
16.361 -7.836 -0.027 43.0 7890000
19.711 3.586 -0.135 50.5 7890000
15.144 -2.593 -0.185 43.9 3289655
19.092 9.771 -0.044 67.9 7890000
-9.064 -6.338 -0.008 69.0 7890000
-1.493 -4.099 -0.114 57.2 7890000
7.143 -5.410 -0.046 76.3 7890000
-18.733 8.824 -0.167 59.3 7890000
8.225 -4.523 -0.116 68.7 7890000
17.211 3.909 -0.057 56.7 7890000
12.594 6.365 -0.006 68.7 7890000
-16.236 -4.377 -0.030 48.3 7890000
9.581 3.259 -0.076 69.6 7890000
-15.811 4.563 -0.059 61.7 7890000
-12.412 3.203 -0.113 58.5 7890000
4.710 -0.018 -0.005 32.0 3289655
0.937 7.018 -0.192 70.0 7890000
-6.481 -0.144 -0.117 46.5 3289655
-12.681 6.824 -0.019 62.0 7890000
-15.490 -4.155 -0.116 70.8 7890000
15.619 5.918 -0.188 66.0 7890000
15.118 2.275 -0.195 49.5 3289655
11.625 8.299 -0.173 78.9 7890000
-14.124 4.181 -0.053 66.4 7890000
-10.438 -4.095 -0.028 58.4 7890000
-15.486 3.805 -0.060 66.5 7890000
0.040 3.691 -0.015 62.3 7890000
-16.152 -2.897 -0.117 38.8 3289655
-10.475 3.168 -0.118 49.9 7890000
7.033 -5.130 -0.128 65.9 7890000
19.802 -8.609 -0.091 56.6 7890000
-19.354 8.326 -0.102 79.1 7890000
-7.861 -7.425 -0.108 76.3 7890000
14.699 -0.106 -0.186 49.9 3289655
2.467 7.614 -0.056 46.5 7890000
5.393 -0.118 -0.144 43.2 3289655
-7.401 -7.652 -0.103 50.3 7890000
2.329 -9.087 -0.090 66.8 7890000
11.982 -8.669 -0.123 78.7 7890000
-12.854 8.963 -0.137 60.4 7890000
2.251 7.284 -0.165 74.9 7890000
-19.221 9.640 -0.023 58.6 7890000
-11.522 7.678 -0.057 44.1 7890000
-7.636 -3.392 -0.079 51.5 7890000
13.999 -3.617 -0.175 54.1 7890000
9.474 3.405 -0.056 55.0 7890000
-2.985 8.305 -0.084 44.3 7890000
13.394 -5.356 -0.109 64.3 7890000
0.915 8.706 -0.149 54.3 7890000
-6.713 -2.113 -0.161 40.8 3289655
-12.620 -6.279 -0.106 59.7 7890000
-15.041 -2.485 -0.021 42.8 3289655
-3.562 -9.762 -0.124 43.5 7890000
-13.759 -8.179 -0.064 48.8 7890000
-18.562 2.552 -0.164 30.0 3289655
-0.675 9.793 -0.084 55.2 7890000
-10.481 -8.232 -0.104 58.0 7890000
9.046 -0.159 -0.073 33.4 3289655
8.098 -5.291 -0.146 76.2 7890000
-7.066 9.121 -0.123 68.0 7890000
-15.981 -3.307 -0.132 76.0 7890000
19.471 -5.023 -0.013 46.9 7890000
-15.981 -0.307 -0.160 40.8 3289655
-19.170 -7.079 -0.112 48.5 7890000
-16.247 -0.594 -0.193 49.2 3289655
-6.284 -6.214 -0.083 58.9 7890000
-12.657 5.346 -0.055 57.2 7890000
-12.417 -0.323 -0.020 49.7 3289655
15.447 -9.670 -0.005 53.3 7890000
5.604 0.130 -0.181 47.5 3289655
-19.100 9.682 -0.070 71.5 7890000
-12.888 -3.084 -0.041 79.3 7890000
2.932 7.573 -0.130 51.9 7890000
-17.736 6.036 -0.144 57.5 7890000
-9.477 2.653 -0.057 47.2 3289655
0.313 9.902 -0.127 59.0 7890000
6.918 -3.152 -0.182 48.7 7890000
13.154 -7.660 -0.165 69.7 7890000
-15.205 -2.531 -0.148 42.3 3289655
7.998 2.860 -0.189 39.9 3289655
13.498 9.417 -0.069 60.3 7890000
6.477 -6.423 -0.125 43.6 7890000
-1.651 -9.290 -0.160 41.1 7890000
7.871 -5.701 -0.102 57.4 7890000
10.952 8.020 -0.114 46.7 7890000
-3.261 -6.462 -0.148 75.3 7890000
1.174 -6.036 -0.086 74.6 7890000
17.951 -5.233 -0.152 52.2 7890000
-10.136 1.972 -0.099 40.5 3289655
-3.017 -6.977 -0.078 58.8 7890000
15.996 -8.912 -0.102 43.5 7890000
3.694 -6.492 -0.007 64.6 7890000
7.539 -3.965 -0.128 55.9 7890000
-16.367 9.659 -0.060 56.2 7890000
-4.447 -2.923 -0.139 32.8 3289655
1.399 0.502 -0.153 34.1 3289655
14.565 -7.619 -0.197 54.0 7890000
-8.269 -7.028 -0.186 68.9 7890000
3.405 -9.652 -0.014 72.9 7890000
-13.686 4.862 -0.123 53.4 7890000
-17.823 -6.462 -0.060 72.6 7890000
-6.800 2.344 -0.122 39.3 3289655
-16.533 8.016 -0.140 68.0 7890000
-2.237 -5.642 -0.120 70.8 7890000
13.910 3.379 -0.003 63.5 7890000
-17.584 -6.711 -0.159 41.9 7890000
1.025 9.341 -0.092 43.9 7890000
18.395 -9.449 -0.007 70.0 7890000
17.313 6.231 -0.120 60.2 7890000
11.317 -3.447 -0.121 76.3 7890000
6.786 -5.762 -0.177 59.8 7890000
-11.142 2.124 -0.058 35.2 3289655
1.755 7.687 -0.075 49.5 7890000
13.297 7.586 -0.172 76.5 7890000
18.466 0.726 -0.184 35.9 3289655
-19.487 -6.664 -0.079 68.0 7890000
17.741 -0.845 -0.186 30.5 3289655
-18.147 0.602 -0.052 40.4 3289655
-5.640 7.873 -0.043 72.4 7890000
-0.270 -1.688 -0.088 36.1 3289655
-7.204 6.462 -0.169 41.8 7890000
8.259 7.846 -0.003 41.4 7890000
-4.628 -6.807 -0.140 49.9 7890000
-7.443 -2.464 -0.106 31.0 3289655
-18.163 7.601 -0.139 70.9 7890000
11.829 -4.489 -0.104 66.3 7890000
4.110 -1.767 -0.181 44.2 3289655
7.031 -3.641 -0.088 63.7 7890000
6.873 -1.057 -0.075 39.9 3289655
11.111 4.959 -0.184 61.6 7890000
-10.640 -4.799 -0.023 55.2 7890000
19.941 1.823 -0.034 30.7 3289655
-19.279 -4.754 -0.123 43.0 7890000
-10.745 2.481 -0.069 32.3 3289655
10.689 7.158 -0.180 42.3 7890000
-17.514 6.442 -0.102 63.0 7890000
4.021 7.037 -0.001 60.2 7890000
7.412 -1.027 -0.170 45.9 3289655
19.396 1.102 -0.037 43.6 3289655
16.097 6.628 -0.159 64.6 7890000
-6.193 -6.129 -0.178 77.3 7890000
-8.521 -4.258 -0.061 77.5 7890000
2.410 7.636 -0.013 76.3 7890000
6.013 -5.101 -0.109 64.6 7890000
17.466 -0.948 -0.175 45.7 3289655
-7.955 -0.617 -0.062 31.8 3289655
4.603 8.142 -0.119 74.9 7890000
6.180 7.928 -0.167 59.2 7890000
8.417 8.430 -0.023 77.4 7890000
5.454 -3.501 -0.171 53.5 7890000
-12.869 5.368 -0.165 68.1 7890000
-3.308 -6.981 -0.140 44.1 7890000
-4.589 1.652 -0.071 44.5 3289655
5.119 -6.936 -0.024 56.6 7890000
15.705 -6.433 -0.015 70.9 7890000
-17.212 7.953 -0.157 73.5 7890000
-14.460 1.133 -0.043 41.6 3289655
-16.652 -3.961 -0.110 41.3 7890000
17.492 1.664 -0.162 35.0 3289655
12.242 -9.763 -0.190 51.8 7890000
-1.956 0.695 -0.195 30.3 3289655
4.301 -5.002 -0.011 40.2 7890000
-7.175 5.075 -0.136 41.2 7890000
-9.083 -8.979 -0.075 74.8 7890000
-1.759 -8.840 -0.058 48.5 7890000
-8.083 -1.916 -0.018 34.6 3289655
2.744 2.539 -0.043 42.7 3289655
4.217 9.654 -0.120 73.7 7890000
-3.389 -8.770 -0.159 79.4 7890000
-15.141 -0.673 -0.174 34.6 3289655
-18.942 -8.182 -0.092 73.1 7890000
-4.911 -0.179 -0.029 44.6 3289655
6.460 4.015 -0.078 69.7 7890000
-13.354 6.308 -0.176 65.4 7890000
2.144 -9.272 -0.081 53.1 7890000
-1.648 3.051 -0.134 65.8 7890000
-8.325 7.768 -0.114 44.2 7890000
-17.605 -5.022 -0.097 53.8 7890000
-2.973 7.797 -0.122 66.9 7890000
8.180 1.143 -0.150 42.0 3289655
16.752 3.085 -0.102 74.9 7890000
12.044 -3.727 -0.148 62.7 7890000
-7.141 -9.501 -0.158 43.8 7890000
-13.709 5.645 -0.042 47.0 7890000
12.803 -4.699 -0.068 67.9 7890000
3.700 1.011 -0.089 40.2 3289655
-19.698 -6.473 -0.197 70.8 7890000
-1.452 -8.062 -0.096 48.4 7890000
-18.066 -9.085 -0.111 45.5 7890000
15.429 1.289 -0.108 41.8 3289655
-6.236 2.763 -0.146 41.3 3289655
-4.820 8.302 -0.192 50.7 7890000
-3.938 -5.404 -0.005 59.9 7890000
6.369 -9.869 -0.043 43.8 7890000
-15.818 -3.985 -0.046 67.5 7890000
18.891 3.223 -0.032 43.0 7890000
18.759 -0.112 -0.190 37.6 3289655
-4.957 0.349 -0.021 48.2 3289655
-19.675 -2.155 -0.029 48.5 3289655
6.146 5.415 -0.071 49.1 7890000
-3.974 1.016 -0.105 31.9 3289655
-13.459 -2.653 -0.176 41.0 3289655
0.735 -7.720 -0.190 51.4 7890000
-17.345 7.727 -0.018 62.4 7890000
-19.026 2.207 -0.028 32.9 3289655
1.225 -2.127 -0.029 35.4 3289655
7.023 7.779 -0.125 52.1 7890000
10.668 1.006 -0.008 48.9 3289655
-11.379 -1.701 -0.148 31.0 3289655
-0.945 -2.283 -0.111 31.4 3289655
12.839 7.428 -0.030 69.1 7890000
9.631 -4.914 -0.114 70.4 7890000
5.458 -5.229 -0.031 64.0 7890000
16.069 4.830 -0.092 60.8 7890000
-11.678 0.573 -0.165 41.3 3289655
15.685 8.236 -0.020 63.5 7890000
-8.429 -0.032 -0.033 44.5 3289655
-2.863 -5.076 -0.092 56.9 7890000
-1.553 6.950 -0.115 69.6 7890000
-0.610 -8.706 -0.041 69.6 7890000
0.777 2.497 -0.129 48.7 3289655
15.065 -9.482 -0.157 40.4 7890000
-15.569 -2.093 -0.035 38.7 3289655
4.758 -7.470 -0.106 66.6 7890000
-16.948 6.670 -0.057 63.8 7890000
13.342 -0.246 -0.181 47.6 3289655
-5.079 4.018 -0.047 68.3 7890000
-8.863 7.911 -0.002 72.2 7890000
0.817 -6.727 -0.120 66.3 7890000
9.688 8.982 -0.178 57.5 7890000
-18.464 -4.485 -0.089 64.1 7890000
17.485 3.478 -0.191 64.1 7890000
13.709 6.294 -0.086 40.9 7890000
9.846 -8.181 -0.189 73.0 7890000
14.913 -7.522 -0.173 44.2 7890000
-12.106 7.291 -0.109 47.3 7890000
-15.253 -7.261 -0.033 42.5 7890000
-13.097 -0.903 -0.084 41.6 3289655
-9.504 -6.805 -0.158 54.7 7890000
-8.158 9.821 -0.014 60.4 7890000
-0.491 -3.495 -0.105 41.2 7890000
19.146 -3.005 -0.012 64.0 7890000
6.674 -1.599 -0.072 37.1 3289655
-15.612 -6.420 -0.083 52.6 7890000
1.383 2.122 -0.049 33.3 3289655
-7.470 0.695 -0.132 38.9 3289655
17.673 2.300 -0.049 49.6 3289655
3.424 -4.957 -0.027 59.1 7890000
-18.189 3.155 -0.041 50.4 7890000
11.198 -6.167 -0.123 76.4 7890000
6.400 1.235 -0.043 37.2 3289655
-17.937 0.814 -0.193 30.1 3289655
-18.811 3.849 -0.070 57.2 7890000
14.753 8.912 -0.187 75.3 7890000
-10.821 0.655 -0.110 43.2 3289655
14.016 -5.995 -0.035 41.5 7890000
2.909 -8.586 -0.033 69.5 7890000
-10.477 0.807 -0.164 47.5 3289655
-4.275 5.913 -0.126 43.0 7890000
16.277 6.356 -0.065 76.9 7890000
9.093 -8.131 -0.049 62.2 7890000
19.003 1.733 -0.095 39.2 3289655
18.069 7.091 -0.110 67.7 7890000
9.356 6.688 -0.104 53.4 7890000
-12.864 -5.201 -0.170 73.8 7890000
19.471 4.050 -0.107 69.5 7890000
4.846 -0.949 -0.002 44.0 3289655
-0.176 9.199 -0.126 75.3 7890000
19.410 -6.335 -0.045 42.2 7890000
16.054 6.468 -0.089 69.5 7890000
10.527 -6.057 -0.002 71.9 7890000
13.378 -2.407 -0.051 42.3 3289655
-7.662 4.758 -0.026 72.3 7890000
-10.162 4.652 -0.104 50.7 7890000
6.041 -3.078 -0.120 76.5 7890000
-10.557 -1.984 -0.049 48.1 3289655
8.524 -2.047 -0.096 43.6 3289655
4.289 -4.705 -0.154 40.1 7890000
-8.236 -9.037 -0.121 57.2 7890000
14.314 1.120 -0.145 31.1 3289655
12.656 6.507 -0.137 72.6 7890000
6.275 5.225 -0.049 79.4 7890000
-16.607 -4.817 -0.161 66.7 7890000
14.101 1.824 -0.092 45.8 3289655
4.876 -2.382 -0.184 33.0 3289655
11.611 -6.960 -0.102 43.5 7890000
-14.554 9.123 -0.103 64.1 7890000
15.138 -9.515 -0.103 76.5 7890000
1.396 4.979 -0.153 43.0 7890000
-5.273 6.513 -0.086 55.6 7890000
17.494 -4.511 -0.110 48.3 7890000
18.267 4.789 -0.101 57.4 7890000
-17.135 -0.144 -0.085 37.4 3289655
2.169 -8.649 -0.080 58.7 7890000
-2.805 7.884 -0.107 40.0 7890000
2.593 -2.869 -0.191 32.8 3289655
-2.738 6.935 -0.144 42.4 7890000
19.028 -0.582 -0.098 34.3 3289655
-2.155 -6.211 -0.111 44.4 7890000
13.474 0.666 -0.077 47.1 3289655
-4.186 5.411 -0.053 63.7 7890000
-15.501 -0.851 -0.022 48.2 3289655
13.728 -1.193 -0.073 37.5 3289655
17.635 8.990 -0.040 48.0 7890000
-2.296 -5.135 -0.090 67.9 7890000
5.535 -3.593 -0.145 63.4 7890000
13.875 -8.699 -0.031 67.0 7890000
6.315 -2.775 -0.192 45.2 3289655
-0.428 7.580 -0.106 67.4 7890000
9.845 -6.428 -0.081 71.3 7890000
11.975 9.549 -0.099 66.1 7890000
-6.119 -0.725 -0.136 42.6 3289655
5.071 0.789 -0.177 32.1 3289655
14.632 -5.893 -0.142 48.3 7890000
-16.292 5.604 -0.136 65.8 7890000
1.027 -3.460 -0.160 62.2 7890000
1.651 -0.320 -0.080 49.3 3289655
-3.618 1.563 -0.117 34.7 3289655
-7.101 -1.717 -0.185 39.6 3289655
-0.667 6.157 -0.082 70.4 7890000
5.715 5.124 -0.109 78.3 7890000
-8.457 -1.601 -0.093 36.4 3289655
13.839 -9.046 -0.021 53.0 7890000
3.749 6.007 -0.139 41.4 7890000
-11.356 5.928 -0.007 62.6 7890000
17.775 -6.407 -0.169 46.8 7890000
-16.272 7.808 -0.170 65.5 7890000
-1.465 4.013 -0.071 65.0 7890000
-14.919 -2.291 -0.158 38.5 3289655
18.314 1.076 -0.098 47.0 3289655
3.987 -6.353 -0.035 41.0 7890000
-5.988 -4.739 -0.131 57.1 7890000
-2.765 0.447 -0.044 36.2 3289655
16.508 -5.639 -0.027 41.3 7890000
17.775 4.661 -0.180 68.1 7890000
13.472 -8.340 -0.172 53.8 7890000
11.149 2.758 -0.157 45.0 3289655
-11.402 -5.770 -0.110 58.2 7890000
-10.596 -1.469 -0.129 49.8 3289655
5.037 6.877 -0.026 70.6 7890000
6.184 -3.632 -0.085 76.7 7890000
-5.763 -5.020 -0.104 56.9 7890000
19.936 2.251 -0.107 30.7 3289655
-1.875 1.239 -0.011 43.9 3289655
11.609 -8.479 3.716 138.9 5273780
-10.906 -8.393 3.027 133.4 11840160
13.394 -11.795 1.085 140.6 5273780
2.242 -11.491 5.293 139.8 11840160
-4.080 -10.348 2.061 147.4 11840160
-1.116 10.664 4.156 101.6 5273780
-2.363 11.767 0.934 148.6 11840160
1.763 -10.197 2.887 146.0 5273780
-4.921 -11.623 5.694 135.7 5273780
-12.663 -9.721 1.616 149.8 11840160
6.406 8.668 5.577 102.4 5273780
2.164 -9.089 5.356 116.4 5273780
3.169 11.441 2.248 101.1 5273780
-7.282 9.400 4.043 113.0 5273780
8.711 10.818 3.079 110.7 11840160
-5.775 11.475 2.224 123.0 11840160
2.173 10.480 1.030 130.5 11840160
0.722 -9.291 1.863 128.4 11840160
-9.922 10.225 1.751 141.3 5273780
14.277 11.463 0.345 112.0 11840160
5.354 -8.263 1.935 145.1 5273780
-13.468 -11.052 2.703 148.0 11840160
14.646 11.112 5.679 127.8 11840160
2.880 11.271 5.827 115.9 5273780
-10.269 -8.656 5.508 142.1 5273780
-4.315 10.502 5.985 141.7 11840160
-2.335 -11.582 2.078 134.1 11840160
4.730 -10.649 0.462 114.3 11840160
-10.789 -11.822 1.158 113.9 11840160
0.241 11.092 1.817 147.6 11840160
-11.642 9.968 2.351 110.1 11840160
-13.577 10.108 0.238 129.8 11840160
-0.952 -9.481 3.490 122.9 5273780
8.460 10.317 2.095 148.6 11840160
-12.678 -9.370 1.717 149.4 5273780
-4.056 -8.407 0.445 108.6 11840160
11.267 -8.111 5.130 104.0 11840160
-11.796 8.417 2.276 106.6 11840160
12.759 -9.247 4.867 126.0 11840160
-11.912 11.065 4.586 103.6 5273780
-8.980 -11.312 3.396 132.5 11840160
-12.208 8.866 5.656 127.2 11840160
13.643 -10.961 4.438 102.8 11840160
3.118 -8.910 5.319 144.2 11840160
4.844 -9.838 1.091 141.7 11840160
11.058 11.232 1.505 122.7 11840160
-5.979 -10.534 4.492 101.6 11840160
13.918 -10.928 4.834 145.9 5273780
3.968 -8.193 0.435 139.6 11840160
-10.998 8.405 5.158 135.0 11840160
-13.990 -8.506 1.092 138.8 11840160
13.722 -10.358 1.608 132.2 11840160
-2.425 11.108 2.736 106.0 11840160
-10.893 9.885 1.430 122.8 11840160
2.072 8.216 0.665 119.9 11840160
-3.715 11.021 4.699 112.2 11840160
-8.765 8.788 4.487 131.0 11840160
-14.519 -10.565 2.364 109.9 11840160
-2.853 -8.902 2.046 110.1 11840160
3.412 -9.869 1.221 109.7 11840160
-14.410 8.398 4.387 125.8 11840160
-1.716 8.852 4.886 139.9 11840160
2.658 11.351 0.769 142.2 5273780
-4.591 9.186 4.035 144.7 5273780
-12.375 8.116 5.506 149.3 11840160
3.201 -9.338 2.224 100.4 5273780
9.263 -9.641 5.749 137.2 11840160
11.025 11.153 4.961 146.8 11840160
-0.842 -11.874 0.218 106.5 11840160
0.221 -9.885 2.871 104.3 11840160
3.705 9.475 1.111 121.1 11840160
9.532 -8.172 1.142 136.6 11840160
-7.183 -8.446 3.144 140.0 11840160
14.730 -11.985 1.150 109.2 11840160
0.210 -8.495 0.448 137.0 11840160
-10.606 9.488 5.178 103.3 11840160
-8.453 -9.759 0.905 113.9 11840160
-2.390 10.673 4.508 105.8 11840160
-4.662 -11.536 3.073 118.2 11840160
10.656 9.367 1.967 128.3 11840160
-1.374 -8.155 2.794 138.7 5273780
-12.289 -10.323 5.842 144.2 11840160
3.442 8.914 2.594 143.2 11840160
-5.564 9.087 1.151 100.1 11840160
12.263 9.442 3.613 123.0 11840160
-1.254 10.776 0.088 119.2 11840160
-7.408 -8.499 4.395 103.7 5273780
6.024 -10.719 1.036 124.2 11840160
-0.075 -9.076 2.486 123.1 11840160
-6.187 9.769 0.262 145.5 11840160
2.264 9.286 5.326 113.8 11840160
1.237 -10.957 0.374 127.4 11840160
11.861 8.631 5.581 118.3 5273780
-4.271 10.923 1.450 133.5 5273780
7.881 8.110 0.720 145.1 11840160
7.378 8.861 5.333 104.3 11840160
-3.988 10.445 0.664 121.7 5273780
-1.170 11.684 4.834 114.2 11840160
5.365 -11.463 4.104 140.7 11840160
0.586 9.632 1.458 139.3 5273780
2.754 -10.568 4.613 109.9 5273780
7.168 8.734 3.468 132.3 11840160
6.195 -11.981 2.953 102.4 11840160
-10.556 -9.479 2.091 110.5 5273780
-2.557 -8.016 5.977 146.4 11840160
-11.088 11.555 4.193 121.7 5273780
14.786 9.073 1.108 149.2 11840160
3.712 11.193 3.395 129.0 11840160
1.646 -8.908 0.745 139.7 5273780
5.033 11.061 0.982 138.0 11840160
-3.882 -11.105 0.873 148.6 5273780
-9.442 10.375 5.782 117.5 11840160
-2.190 -9.596 4.036 127.1 5273780
5.959 -11.288 0.417 127.9 11840160
-6.276 8.877 1.541 149.6 11840160
-8.033 9.687 4.788 113.1 11840160
13.707 10.950 3.165 104.2 11840160
5.541 8.648 2.670 124.0 11840160
9.773 -10.349 0.247 108.3 5273780
7.778 -9.277 4.619 114.6 5273780
6.885 -10.179 3.104 119.4 11840160
-11.226 -11.885 5.339 133.1 5273780
-3.876 -10.930 2.998 122.3 11840160
1.194 10.802 1.196 107.4 11840160
5.992 9.405 4.400 111.1 5273780
3.063 9.682 1.009 108.1 11840160
7.241 11.575 5.832 139.4 11840160
5.091 -11.084 0.507 134.7 11840160
-1.102 -9.045 0.119 136.0 11840160
-10.391 8.379 4.929 140.0 11840160
-1.351 8.349 0.084 133.7 11840160
-0.155 8.394 0.250 127.1 5273780
2.354 8.934 3.208 107.8 5273780
-11.495 11.299 3.500 138.7 11840160
5.024 -11.405 1.876 114.9 11840160
-9.764 9.286 4.825 113.6 11840160
8.308 8.748 2.808 140.6 11840160
1.725 -9.449 3.924 126.1 5273780
0.176 -8.176 1.206 126.8 11840160
-0.180 11.546 3.871 115.0 11840160
-11.963 -9.177 1.934 117.1 11840160
-2.950 9.182 3.461 102.1 11840160
13.147 9.912 5.903 110.7 11840160
-12.768 -8.925 2.075 108.6 11840160
-11.926 -9.161 3.908 103.2 11840160
-4.881 -9.201 3.429 108.3 5273780
-7.940 10.494 3.579 113.8 5273780
-11.352 -9.991 4.677 149.6 11840160
-13.001 -8.228 4.381 145.7 11840160
6.775 10.686 1.878 113.5 11840160
0.315 11.805 0.548 128.0 11840160
-12.131 -9.815 4.428 124.7 11840160
-12.723 -10.339 2.240 143.2 11840160
-2.438 -8.037 4.856 102.4 5273780
-3.060 10.893 0.024 144.9 5273780
-2.302 10.094 2.027 143.2 11840160
6.453 8.721 2.502 124.0 11840160
-13.289 -11.365 3.594 123.5 11840160
7.142 -9.031 5.052 142.8 5273780
-0.770 -9.838 1.665 131.6 11840160
-13.833 -9.492 4.160 114.3 5273780
-0.998 11.318 2.065 132.6 5273780
0.837 -10.135 4.315 126.9 11840160
-2.763 8.317 5.466 145.6 11840160
-13.766 -11.979 1.523 114.9 11840160
6.495 8.035 0.757 148.8 11840160
13.104 9.803 2.768 146.5 11840160
10.681 -9.706 4.292 129.9 11840160
-9.894 9.300 5.857 128.6 11840160
-7.013 -9.722 5.305 141.4 5273780
-8.569 -11.124 3.422 119.9 5273780
-2.316 9.442 3.431 142.9 5273780
8.250 -8.298 5.082 126.5 11840160
-3.582 9.257 0.116 113.3 11840160
2.300 8.416 2.685 128.7 11840160
1.138 -11.963 4.633 135.4 11840160
-8.212 -8.011 0.682 116.1 11840160
10.631 8.875 3.305 127.4 11840160
-1.949 -8.514 0.765 129.9 11840160
-11.757 -10.287 0.247 129.1 5273780
-8.322 11.023 3.886 118.2 5273780
4.067 8.481 4.004 118.4 11840160
2.204 10.310 3.421 146.8 11840160
12.582 8.381 1.156 131.0 11840160
9.376 8.100 2.379 106.5 5273780
5.105 10.110 2.853 110.1 5273780
-10.283 8.811 3.272 137.0 5273780
-4.081 9.751 5.332 132.2 11840160
-4.945 -10.131 4.364 132.0 11840160
-14.831 11.672 5.365 138.5 11840160
1.013 -8.571 3.107 145.0 5273780
-6.272 9.892 1.088 129.1 5273780
-5.697 -11.916 1.326 133.9 11840160
-5.202 -10.853 3.773 149.8 5273780
-8.934 10.680 2.292 100.7 11840160
1.867 11.303 1.656 148.2 11840160
1.721 10.465 1.282 127.0 11840160
6.598 11.260 5.891 115.9 11840160
0.163 -8.582 5.621 116.6 5273780
10.528 11.594 2.309 135.7 11840160
0.447 -8.715 3.205 142.9 11840160
3.623 -9.877 2.302 117.2 5273780
-1.132 11.750 0.146 118.6 11840160
6.964 9.194 0.783 102.9 11840160
3.878 -10.651 3.118 128.1 11840160
5.251 -8.298 3.122 149.0 11840160
-10.656 -11.112 0.776 129.3 5273780
7.939 -8.357 0.283 100.0 11840160
-9.387 -8.077 3.380 142.4 5273780
7.588 -8.707 0.123 115.2 11840160
3.574 11.893 3.070 108.2 11840160
4.200 -8.829 5.488 145.0 11840160
0.287 11.431 4.245 103.2 11840160
3.940 9.348 1.839 114.9 5273780
-8.085 -9.975 2.466 142.2 11840160
-7.684 -9.854 5.100 102.8 11840160
-0.956 -10.858 0.153 145.0 11840160
-11.216 -10.133 4.430 132.3 11840160
-12.758 10.423 5.450 125.1 11840160
7.941 -8.474 0.366 105.6 11840160
0.222 10.920 5.144 124.2 5273780
13.577 -9.462 2.612 107.9 5273780
-6.683 -9.189 0.890 122.5 5273780
3.878 -10.342 2.974 101.0 11840160
11.186 10.693 1.250 142.0 11840160
11.205 10.306 2.914 104.1 11840160
-11.606 -8.265 2.348 142.5 5273780
1.624 8.509 3.425 116.7 11840160
7.181 -8.356 0.264 146.6 11840160
13.546 -11.075 2.136 147.0 5273780
14.324 10.099 4.469 148.8 11840160
-6.672 10.855 5.070 122.8 5273780
3.741 11.396 4.603 116.9 11840160
-0.548 10.406 1.918 139.9 5273780
12.295 11.038 0.314 126.0 11840160
14.141 11.817 3.900 106.6 5273780
-14.425 11.354 5.655 142.6 11840160
-13.678 9.750 4.299 117.9 5273780
3.075 9.906 1.569 141.6 11840160
5.505 10.589 0.468 127.0 5273780
4.291 8.908 0.353 123.5 11840160
14.127 -9.605 4.581 146.3 11840160
8.995 8.047 1.275 149.8 11840160
11.964 8.050 0.771 109.2 11840160
-1.894 10.145 4.860 133.1 11840160
3.694 -8.975 5.806 149.0 11840160
9.450 11.494 5.839 142.2 11840160
7.652 9.594 4.090 119.7 11840160
10.593 -9.455 3.576 144.1 11840160
1.939 -11.260 3.013 108.1 5273780
3.204 10.004 5.083 123.2 11840160
2.925 10.706 2.890 123.7 11840160
-2.503 -9.006 3.226 101.4 11840160
1.733 -10.415 4.124 130.5 11840160
-1.131 -10.254 0.163 149.1 11840160
1.228 8.557 5.827 135.2 5273780
-9.721 -10.430 4.345 120.9 11840160
7.959 8.912 0.529 102.5 5273780
12.624 11.946 4.589 147.3 11840160
10.701 9.524 0.203 129.2 11840160
-1.276 11.817 2.892 112.9 5273780
12.149 -11.186 1.825 132.5 11840160
-13.762 9.101 2.558 124.0 11840160
-13.714 -9.040 2.007 137.0 11840160
-13.163 10.357 0.063 132.5 11840160
-9.533 9.428 2.558 142.2 11840160
-0.224 11.334 3.437 145.0 11840160
10.790 11.425 5.147 146.8 11840160
-7.521 11.015 0.576 108.5 5273780
-1.412 8.975 3.666 149.3 11840160
-6.044 8.566 4.415 115.2 5273780
-9.490 9.913 2.408 139.6 11840160
3.836 -8.301 3.841 130.7 11840160
13.254 -10.289 5.156 112.7 11840160
-14.866 9.020 5.183 128.9 5273780
13.565 9.707 1.728 147.8 5273780
-8.152 -11.525 4.413 105.5 11840160
-4.142 9.057 1.987 136.7 5273780
-0.562 10.300 1.880 100.2 5273780
8.003 8.532 3.010 121.4 11840160
-4.158 9.385 3.928 104.9 11840160
4.100 -8.962 4.804 141.4 11840160
-0.980 -8.747 0.239 140.8 11840160
14.989 8.742 1.162 126.1 5273780
8.754 10.638 3.919 147.4 11840160
-9.179 10.330 4.781 119.7 11840160
-8.094 -9.018 0.488 135.0 11840160
-7.704 -9.200 5.844 114.6 11840160
-13.122 10.199 2.230 111.0 5273780
-3.942 -11.011 4.594 134.4 11840160
4.786 -10.556 5.245 102.5 11840160
-14.417 9.454 0.814 101.7 11840160
-12.075 9.996 3.768 147.8 11840160
8.995 -9.793 0.218 144.5 11840160
-11.739 -8.039 3.398 120.4 11840160
-4.346 -8.700 2.570 100.4 11840160
8.315 -8.702 2.671 104.2 11840160
-0.175 9.408 3.512 131.3 11840160
13.207 8.881 5.076 126.6 5273780
4.037 -11.670 1.219 104.8 5273780
2.294 -8.729 0.533 115.4 11840160
9.209 8.902 5.899 118.7 5273780
14.759 9.286 0.931 107.0 11840160
-5.141 -9.575 4.531 146.3 11840160
8.792 -10.528 2.583 101.8 11840160
1.148 8.355 2.294 119.3 11840160
6.214 10.212 2.691 120.6 11840160
-2.484 10.130 2.598 111.7 11840160
-1.171 -10.190 2.478 102.6 11840160
-14.158 9.172 1.938 122.8 5273780
12.259 9.436 5.710 119.6 11840160
8.839 9.255 4.565 103.9 11840160
-2.070 9.197 2.215 138.1 11840160
-12.394 -11.922 5.188 143.4 11840160
1.829 9.271 1.218 145.6 11840160
-6.942 10.700 3.667 108.3 11840160
-14.693 -11.018 2.817 117.2 11840160
-3.346 -9.491 2.836 106.6 5273780
-8.560 -10.598 3.953 145.2 11840160
7.875 -9.878 4.126 103.2 5273780
4.697 -8.526 5.867 141.3 11840160
0.715 9.666 1.988 145.9 11840160
-8.410 -9.426 4.066 144.0 5273780
-7.701 -9.909 1.886 143.0 11840160
5.245 -9.377 4.763 126.1 11840160
-13.690 -9.330 5.500 143.6 5273780
-0.006 -10.376 2.100 111.5 11840160
-4.751 -9.511 1.505 102.3 11840160
-0.855 -10.646 5.361 108.3 11840160
10.233 8.970 4.689 105.2 5273780
2.477 9.248 4.992 137.2 11840160
4.395 11.910 3.135 116.4 5273780
5.121 9.951 4.676 111.0 11840160
-6.719 -10.103 1.039 138.4 5273780
14.518 10.774 2.088 103.1 11840160
14.273 11.137 1.876 141.3 5273780
13.277 -9.821 5.133 142.4 5273780
-10.026 -9.702 3.285 105.7 11840160
-8.971 -10.421 3.169 146.1 11840160
6.164 -8.671 0.065 126.3 11840160
4.240 8.326 1.933 112.3 11840160
-12.898 -8.937 2.828 146.6 5273780
6.827 11.697 4.752 144.5 11840160
-1.033 9.264 4.135 141.9 11840160
13.852 9.910 4.105 127.5 5273780
-14.186 -8.247 1.827 128.4 5273780
10.180 9.769 1.177 140.6 11840160
10.058 9.701 3.997 110.0 11840160
0.159 -11.588 3.761 107.2 5273780
5.178 8.759 3.109 114.3 5273780
10.182 11.136 1.513 146.5 11840160
3.508 -11.735 4.036 122.8 11840160
-5.618 9.062 3.494 119.6 11840160
-5.930 9.433 3.139 124.2 5273780
13.771 -11.524 4.856 132.7 5273780
6.321 -8.962 4.994 149.1 5273780
-4.445 -8.046 1.196 123.2 11840160
-3.771 11.865 4.339 122.6 11840160
3.732 -8.038 3.092 140.9 11840160
8.984 8.052 4.336 120.7 11840160
6.329 -10.497 2.833 117.6 11840160
-13.846 -9.615 3.832 135.5 11840160
-2.285 8.807 4.997 105.2 11840160
2.493 -10.669 0.676 137.3 5273780
8.358 -8.077 2.883 130.7 5273780
5.820 10.861 4.055 103.0 11840160
-8.553 11.077 1.813 115.7 5273780
10.469 8.680 3.377 120.4 5273780
-3.925 11.517 3.246 138.0 11840160
10.101 10.316 5.117 123.8 11840160
6.425 -8.728 1.969 114.9 11840160
-8.442 -11.297 5.820 147.7 11840160
-0.222 8.303 3.084 140.6 11840160
-10.677 9.038 3.032 111.9 11840160
-11.261 -10.257 1.574 105.6 11840160
8.370 -11.426 2.894 148.3 5273780
-14.815 8.244 1.737 102.3 5273780
-5.802 -8.085 0.954 129.5 11840160
-5.659 8.863 5.763 140.4 11840160
14.167 11.574 5.273 144.2 11840160
-7.572 10.549 4.793 107.6 11840160
-10.633 11.817 3.531 118.5 11840160
13.980 -8.376 0.138 117.7 11840160
6.769 9.458 2.036 122.6 5273780
7.134 10.209 2.867 119.6 5273780
2.339 -10.229 1.312 130.2 5273780
11.579 10.574 2.357 129.2 11840160
14.970 -10.123 2.300 134.7 5273780
0.969 -10.358 0.374 104.4 11840160
-9.681 8.157 0.065 105.5 11840160
14.606 8.091 3.883 129.8 11840160
-14.106 11.482 2.597 118.1 11840160
3.274 -11.956 5.602 141.9 11840160
10.571 9.287 3.196 107.9 11840160
5.257 11.272 3.362 130.3 5273780
8.012 -11.624 0.931 133.4 11840160
2.647 9.357 3.578 103.8 5273780
5.082 8.878 3.908 129.1 11840160
-6.264 -10.435 1.029 148.3 11840160
-4.165 -11.081 2.834 132.0 11840160
-5.559 -10.256 3.185 149.1 11840160
14.666 -11.910 3.119 149.7 11840160
-7.574 8.883 1.292 138.8 11840160
-13.146 -8.642 2.166 104.1 11840160
3.881 -9.118 0.094 128.0 5273780
0.985 10.185 3.114 146.2 5273780
9.131 9.948 0.700 109.3 11840160
14.907 -11.972 3.184 145.0 11840160
2.484 10.554 4.425 106.6 11840160
-4.995 -11.709 4.933 103.8 11840160
-13.669 9.276 3.322 132.4 11840160
0.166 9.727 0.976 114.1 11840160
5.940 -11.970 2.182 130.7 11840160
10.471 8.494 4.106 108.3 11840160
-11.531 10.298 2.386 148.5 11840160
1.507 8.898 5.686 127.2 5273780
10.147 11.593 3.492 139.9 11840160
7.780 8.673 0.846 142.6 11840160
-10.846 -9.925 3.912 139.1 11840160
-10.374 11.967 2.375 122.2 11840160
12.936 8.717 3.319 132.0 5273780
-6.552 9.616 3.191 143.7 11840160
-0.653 9.318 5.603 136.0 11840160
-3.687 -11.218 4.394 118.0 11840160
-2.287 9.312 3.301 108.9 11840160
-5.632 -10.830 3.718 116.9 11840160
-10.457 -11.038 3.143 145.3 5273780
9.418 -9.944 3.833 132.4 5273780
-11.656 9.446 4.261 143.5 5273780
3.728 11.815 0.845 145.7 11840160
-13.464 11.694 2.701 102.8 11840160
-7.516 -9.089 4.890 135.3 11840160
1.062 9.461 2.856 111.6 11840160
-1.841 11.812 4.173 148.2 11840160
-2.590 8.566 4.501 109.6 11840160
-14.606 11.259 3.463 105.8 11840160
4.052 8.483 4.438 109.5 11840160
0.990 10.370 1.442 116.1 11840160
14.665 -10.663 4.954 130.7 11840160
-13.656 11.062 4.074 139.4 11840160
2.940 -8.996 1.109 122.4 11840160
3.609 8.150 0.269 121.0 11840160
-9.903 8.164 2.341 128.4 11840160
11.001 -10.544 0.281 133.1 11840160
7.673 -8.574 4.813 136.9 11840160
-10.949 -8.584 3.299 109.1 5273780
-1.244 -8.992 3.190 134.9 5273780
13.817 -11.890 5.779 108.4 11840160
-10.829 -9.754 2.509 130.3 11840160
-8.158 8.341 2.907 107.4 11840160
-4.031 11.630 4.975 145.3 5273780
-7.355 -8.382 1.456 120.5 11840160
3.873 -8.091 2.264 139.2 11840160
-0.293 8.310 0.703 131.6 11840160
14.913 -10.380 4.732 146.6 11840160
-8.394 10.823 1.358 123.9 5273780
-3.599 8.664 1.704 148.0 11840160
5.953 -8.041 0.604 135.1 11840160
-8.411 -9.469 3.499 149.2 11840160
-3.993 -11.663 0.147 131.2 11840160
12.704 -10.247 1.057 120.3 11840160
-10.752 -11.186 2.755 144.8 11840160
5.353 10.968 0.274 129.1 11840160
3.397 9.114 1.129 119.9 5273780
-11.005 10.179 2.394 116.7 5273780
3.080 8.355 2.357 117.6 11840160
-4.003 8.675 5.347 109.4 11840160
1.852 -8.702 3.854 144.0 5273780
-14.698 11.768 0.720 128.3 11840160
-3.711 11.668 0.398 118.6 11840160
-9.949 8.912 0.365 121.5 11840160
11.986 -8.854 2.785 131.0 11840160
-4.861 8.384 0.075 111.7 5273780
0.051 10.578 1.473 144.9 11840160
11.044 11.472 4.481 134.9 5273780
-7.988 -9.935 1.156 144.7 11840160
6.663 -8.803 3.056 120.3 11840160
14.666 9.878 0.417 147.3 5273780
-0.615 11.236 3.255 144.6 5273780
9.666 -9.877 0.604 140.0 5273780
10.352 -10.720 0.548 101.4 11840160
13.956 -10.326 3.353 101.2 11840160
2.868 -9.328 3.814 147.4 11840160
-6.060 -8.243 2.723 134.2 11840160
0.206 -11.697 2.632 102.3 11840160
11.167 11.218 3.841 116.0 11840160
-8.096 -11.729 3.010 133.5 5273780
13.255 -9.183 1.702 102.3 11840160
13.648 9.702 1.437 109.8 11840160
-6.589 10.040 3.349 100.9 11840160
-8.621 10.945 5.205 102.8 11840160
13.223 10.390 5.428 149.9 5273780
-11.926 11.075 4.132 114.7 11840160
-0.839 -10.178 0.939 110.5 11840160
11.811 -9.359 2.538 127.2 11840160
-13.240 8.228 4.836 128.1 11840160
-3.728 -9.744 5.589 149.3 11840160
6.410 10.642 3.354 124.4 11840160
4.254 11.340 1.642 120.8 5273780
-13.336 -9.517 4.246 148.7 5273780
3.366 9.661 2.759 119.8 11840160
-13.635 -10.930 5.359 105.9 11840160
6.377 9.284 3.046 140.1 5273780
-11.031 -8.743 1.472 101.6 11840160
-1.386 -8.004 3.498 103.1 11840160
-14.619 -10.405 0.762 123.5 5273780
-5.767 10.308 5.940 126.1 11840160
-11.143 10.912 5.252 109.2 11840160
1.184 9.217 0.024 118.7 11840160
6.606 11.784 5.334 124.6 11840160
11.936 9.822 4.496 116.9 11840160
6.250 10.608 3.195 120.6 11840160
-11.137 10.820 2.117 116.7 11840160
3.722 -10.613 5.611 146.1 5273780
-12.287 9.216 1.915 121.5 5273780
6.978 11.017 2.826 141.7 11840160
-3.550 -9.100 3.502 108.6 11840160
7.907 11.214 3.466 106.5 5273780
8.196 -8.661 5.706 135.7 11840160
-2.912 -9.115 5.860 143.4 5273780
-5.996 9.196 1.938 140.3 11840160
2.382 -10.789 1.096 135.9 11840160
-6.532 9.529 2.631 146.9 11840160
-7.624 -10.318 1.679 118.3 11840160
2.537 8.228 0.366 122.7 11840160
14.690 8.703 2.232 105.5 11840160
13.912 8.255 0.538 131.8 11840160
-5.555 10.883 2.552 130.7 11840160
11.842 -11.027 2.583 136.8 5273780
8.402 9.038 0.748 133.3 11840160
3.950 -10.259 1.760 133.5 11840160
-6.754 -8.784 3.379 144.0 11840160
-10.030 8.234 2.898 122.0 11840160
0.668 8.999 0.687 137.0 5273780
14.217 11.532 5.730 129.2 11840160
-6.423 10.173 3.633 138.0 5273780
14.039 8.464 5.855 108.2 11840160
1.936 8.424 1.475 134.4 11840160
-6.867 -9.507 2.401 117.6 5273780
-12.154 -8.695 1.101 116.7 11840160
-7.644 9.644 4.963 148.9 5273780
6.015 -10.751 4.644 119.7 11840160
6.137 8.234 4.020 111.6 11840160
-3.680 8.219 0.937 130.3 5273780
13.307 8.267 3.890 123.4 11840160
-0.625 11.834 3.334 118.3 11840160
-8.891 11.723 1.770 113.6 11840160
2.260 -11.940 5.274 123.4 11840160
3.398 10.288 2.748 108.5 11840160
-5.304 8.034 4.205 127.9 11840160
14.736 9.830 4.019 126.2 11840160
-1.986 10.577 1.490 104.1 11840160
10.929 9.408 1.832 106.4 11840160
0.937 11.361 2.066 136.1 11840160
-10.266 10.417 2.917 142.5 5273780
13.745 -10.573 4.921 143.1 11840160
-0.883 9.800 4.021 137.6 11840160
9.938 -10.436 4.888 108.9 11840160
-7.727 -10.066 3.105 116.3 11840160
13.571 -10.947 2.734 110.7 11840160
-0.022 -8.771 2.794 133.1 11840160
9.534 -8.335 4.598 127.4 11840160
7.013 8.156 3.271 141.9 11840160
0.424 -9.663 1.950 114.1 11840160
8.806 -8.289 3.000 145.2 11840160
7.766 -8.707 5.037 139.0 11840160
-13.739 10.577 2.828 116.1 11840160
-6.382 11.986 4.019 134.8 11840160
-13.425 -8.706 1.538 103.2 11840160
-1.851 11.747 0.466 146.6 11840160
-11.352 -9.738 1.851 100.5 11840160
9.136 -9.813 5.268 100.4 5273780
2.784 -8.325 1.551 103.2 5273780
13.560 11.246 5.342 138.1 5273780
13.054 8.152 1.089 126.9 11840160
0.994 8.147 0.084 114.0 11840160
10.374 -8.321 0.278 142.8 11840160
-1.172 -9.847 1.864 126.5 11840160
-10.588 -8.997 2.827 145.0 11840160
2.673 8.526 2.246 103.6 5273780
-13.489 9.533 1.022 115.3 5273780
-12.258 8.593 1.867 139.5 11840160
1.630 -11.028 5.554 103.4 11840160
-0.606 8.319 2.086 100.1 5273780
6.159 -9.200 0.675 117.9 5273780
-7.717 -10.321 0.269 117.7 11840160
14.009 -8.891 0.286 135.1 11840160
-4.902 -10.696 4.452 119.4 11840160
-14.586 -10.202 4.988 134.9 11840160
-0.444 8.969 1.137 121.4 5273780
-14.728 9.802 2.172 131.9 11840160
-8.037 8.579 0.628 145.0 5273780
-4.834 11.131 4.542 142.8 11840160
11.224 -11.391 4.531 145.5 11840160
6.598 -11.976 1.718 105.0 11840160
9.503 9.409 0.736 145.7 11840160
6.472 8.615 5.602 121.8 11840160
-2.981 8.269 5.878 126.5 11840160
-6.973 -9.425 0.117 120.7 11840160
-8.592 11.020 3.042 109.6 11840160
-10.549 -8.225 5.354 138.4 11840160
0.860 11.747 1.444 147.6 11840160
-1.911 -10.778 4.862 116.2 11840160
-2.428 8.853 4.656 103.2 11840160
-13.411 -8.086 4.721 129.4 5273780
-13.398 11.323 4.956 107.0 5273780
-2.283 11.688 1.893 104.5 11840160
10.825 -11.602 0.663 105.3 11840160
-10.142 -10.921 5.921 130.4 5273780
0.148 9.936 3.776 106.7 11840160
8.100 8.475 2.187 120.3 11840160
11.171 10.448 5.498 102.4 11840160
-3.903 -8.122 3.737 126.6 5273780
-1.434 -9.636 2.960 128.4 11840160
12.759 -10.361 4.778 122.1 5273780
9.892 10.661 3.222 104.8 11840160
7.499 -9.522 5.047 135.8 5273780
12.269 -10.647 4.020 110.1 11840160
2.962 8.780 0.187 146.7 11840160
-0.057 9.681 5.075 104.0 5273780
-8.094 9.840 1.382 104.0 11840160
1.284 8.989 5.570 149.2 11840160
-14.510 -11.905 3.780 100.5 11840160
-5.820 10.495 0.861 102.5 5273780
-14.279 -9.385 5.102 123.8 11840160
-2.713 11.928 2.138 144.0 5273780
-6.231 8.654 3.539 133.2 11840160
12.722 -9.780 2.608 122.0 11840160
4.272 9.603 4.796 142.9 5273780
-4.162 11.958 5.725 130.0 11840160
3.067 10.352 5.714 143.1 11840160
12.101 11.276 3.875 128.2 11840160
-12.743 -11.763 0.168 122.1 11840160
6.740 -10.972 2.754 128.0 11840160
-10.589 -10.424 5.129 129.8 11840160
14.104 8.628 0.939 141.8 11840160
-13.047 -9.852 4.182 109.5 5273780
-7.865 -10.032 2.547 113.5 5273780
-5.300 -10.990 3.521 134.0 5273780
-12.065 -10.953 2.314 104.6 5273780
2.244 8.326 1.526 146.5 11840160
-3.820 9.709 0.618 115.4 5273780
7.514 -9.976 0.400 135.7 11840160
-4.575 -11.974 4.649 140.3 5273780
2.911 -10.774 2.171 142.4 11840160
-4.171 8.312 2.177 133.9 11840160
3.839 10.121 1.202 134.1 11840160
-0.902 10.780 4.436 110.2 11840160
6.513 -9.222 2.235 107.7 11840160
3.829 10.106 0.026 144.0 11840160
7.953 8.177 5.864 129.6 5273780
14.769 10.406 0.985 145.3 11840160
-5.379 11.240 5.153 134.2 11840160
8.303 10.231 1.813 131.5 5273780
-3.326 10.503 2.257 145.8 11840160
-7.466 -9.074 0.359 126.4 5273780
8.859 8.645 0.610 121.0 11840160
-1.796 -8.432 4.122 138.0 5273780
-1.170 -10.733 5.103 134.5 5273780
0.676 9.680 1.950 103.0 11840160
6.318 10.275 0.484 107.0 11840160
5.090 9.181 2.970 115.6 5273780
-6.318 -9.349 1.635 138.8 5273780
-14.983 10.978 3.650 107.5 11840160
-2.788 10.582 1.511 126.8 5273780
2.292 9.611 4.110 101.9 11840160
7.773 10.133 1.501 137.2 11840160
-3.528 -9.716 3.151 125.3 5273780
3.541 -9.152 4.284 143.0 5273780
-2.809 -11.143 4.923 140.3 11840160
-5.735 9.614 0.626 119.1 11840160
12.842 8.403 1.581 126.2 5273780
-4.648 -8.370 4.842 137.0 11840160
-8.612 10.816 5.740 148.5 11840160
14.230 -11.828 5.382 132.5 11840160
-0.261 -10.745 4.179 106.5 11840160
-9.528 8.235 0.818 103.5 11840160
-5.687 -9.599 1.723 106.8 11840160
-4.198 9.203 0.075 112.0 11840160
0.040 -10.587 2.727 111.9 11840160
-14.251 -8.413 4.116 114.5 11840160
-5.129 -8.888 3.120 132.7 5273780
-13.224 -10.216 3.229 105.0 11840160
5.387 -10.284 5.799 135.4 11840160
-5.629 8.546 5.969 125.7 11840160
5.813 9.833 4.664 104.5 11840160
8.771 -11.633 1.065 126.0 11840160
5.835 11.013 1.251 106.1 11840160
-13.003 -10.651 5.929 127.8 5273780
-10.035 10.291 0.123 135.0 11840160
12.596 -9.181 4.769 137.6 11840160
10.012 -8.672 2.793 138.4 5273780
-5.979 9.214 3.282 147.0 11840160
13.572 10.703 4.427 146.9 11840160
-4.117 -8.577 1.291 137.5 5273780
13.291 -8.833 4.888 109.3 11840160
-5.526 -10.631 0.782 147.7 5273780
3.622 8.554 3.061 130.9 5273780
-3.392 11.785 1.781 104.4 11840160
-1.528 9.226 2.875 136.2 11840160
-10.781 -11.270 1.058 130.9 11840160
-2.949 -9.497 1.300 146.1 11840160
5.438 10.827 4.617 143.3 11840160
12.882 -11.590 3.031 105.2 5273780
11.492 -10.919 2.219 129.2 11840160
4.348 -9.091 5.726 132.0 11840160
-10.518 11.567 0.160 138.0 11840160
-4.562 9.565 4.928 117.6 11840160
-2.520 -10.360 0.630 111.5 11840160
9.278 -11.539 0.378 116.2 11840160
-1.117 -8.490 0.354 142.6 11840160
-12.074 -9.394 1.890 125.7 5273780
-13.146 8.182 3.107 112.9 5273780
9.044 9.869 3.206 106.5 11840160
0.261 -11.866 4.532 109.0 11840160
0.238 -8.635 1.331 113.4 11840160
-6.522 -8.983 3.946 137.4 11840160
-3.170 10.567 3.808 129.3 11840160
10.613 -9.896 5.904 144.8 11840160
1.272 10.126 4.979 132.9 5273780
-14.756 11.625 4.927 109.7 5273780
7.493 -10.200 2.113 106.5 11840160
2.700 9.295 2.517 128.1 11840160
-12.723 -9.873 0.227 127.7 11840160
-3.363 9.319 5.103 146.6 11840160
-5.566 -11.595 1.231 141.4 11840160
-14.132 -9.011 5.459 114.0 5273780
2.719 -8.261 2.424 142.5 11840160
-12.419 8.898 2.905 122.5 5273780
14.380 -10.036 4.122 122.5 11840160
3.896 11.804 1.479 113.6 11840160
10.851 -11.411 4.638 119.7 11840160
2.879 9.890 4.352 138.0 11840160
1.732 -9.871 1.378 100.8 11840160
-8.174 8.550 1.933 147.9 11840160
-9.751 -8.868 5.054 133.0 11840160
-9.366 -8.824 0.671 147.9 5273780
2.604 -11.604 4.381 114.4 11840160
8.962 -8.729 5.200 103.9 11840160
13.118 9.437 4.433 110.8 11840160
9.963 10.955 0.737 135.1 5273780
5.167 -8.029 5.194 121.3 11840160
-7.090 8.626 5.778 101.6 5273780
-6.660 8.558 1.351 107.5 11840160
-1.400 8.872 1.702 109.6 5273780
-8.454 -11.258 0.020 127.6 11840160
1.865 -8.523 4.950 115.0 5273780
8.251 10.686 5.003 110.6 11840160
-3.680 -9.142 2.114 129.9 5273780
-6.067 9.646 4.333 112.7 11840160
-12.967 -8.941 0.395 102.0 5273780
0.534 -9.852 5.308 131.4 11840160
-14.334 -10.828 5.380 123.4 11840160
0.342 -9.259 5.383 140.5 11840160
6.611 -8.243 5.990 149.4 11840160
10.614 9.230 3.846 117.8 11840160
-0.517 -8.216 1.759 114.5 11840160
7.957 9.324 0.106 112.7 11840160
-0.340 -8.717 0.050 103.7 11840160
1.513 -11.540 5.180 103.5 11840160
9.161 -9.901 3.896 102.4 11840160
-4.123 -10.369 5.917 135.8 5273780
2.784 8.094 5.501 135.8 11840160
0.433 -9.689 1.892 133.1 11840160
7.602 8.818 4.466 147.6 11840160
8.794 11.179 4.088 133.0 11840160
-11.561 8.532 4.013 149.9 11840160
4.375 11.820 0.187 105.2 11840160
-4.093 9.295 1.749 139.0 11840160
-2.245 11.304 5.370 120.3 11840160
-9.870 -11.657 5.990 105.8 5273780
-11.999 8.695 5.863 146.8 5273780
0.995 -10.122 2.270 140.8 11840160
-2.423 11.207 2.529 124.4 11840160
-11.976 -8.646 3.424 110.3 5273780
2.452 8.062 5.821 134.9 11840160
8.245 10.318 3.140 143.3 11840160
-2.961 -9.784 3.130 110.9 11840160
-10.164 8.059 5.747 139.6 11840160
-5.676 11.773 0.124 135.3 11840160
5.482 -8.109 3.743 105.0 11840160
-2.003 11.525 1.907 121.9 11840160
10.783 9.572 2.437 139.9 11840160
-6.047 -11.856 1.050 147.7 11840160
-1.422 -8.703 2.181 143.2 11840160
-2.267 8.657 5.704 132.4 5273780
9.177 10.287 3.847 129.4 11840160
0.370 -8.446 0.822 117.6 11840160
6.870 -11.065 5.976 124.0 11840160
-10.474 -9.068 0.396 139.8 11840160
-10.955 10.184 2.684 118.6 11840160
12.142 -10.426 1.023 109.0 11840160
-7.246 10.499 4.862 122.1 11840160
2.838 8.981 2.929 137.4 11840160
11.198 -9.745 2.716 113.9 5273780
8.700 11.099 4.832 143.4 11840160
-4.429 -11.531 4.813 135.1 5273780
-7.854 9.728 4.772 124.8 5273780
11.158 -10.102 5.433 102.4 11840160
6.618 -8.203 0.261 145.4 5273780
8.573 -9.015 0.779 116.0 11840160
8.601 9.816 3.208 119.3 11840160
-4.281 -8.540 4.674 120.3 11840160
7.485 -9.033 3.880 142.0 11840160
-8.162 -11.395 2.135 114.8 5273780
-2.981 9.567 1.554 127.8 11840160
7.196 11.664 5.547 143.9 11840160
7.088 -10.658 4.439 108.9 5273780
8.858 10.666 5.171 102.2 5273780
7.473 -11.224 5.786 117.2 5273780
12.396 -10.174 1.381 143.9 11840160
7.237 -8.694 5.665 124.4 5273780
-5.035 11.698 0.189 118.4 11840160
-6.481 -9.272 5.220 125.7 5273780
-1.080 -9.397 4.690 128.3 11840160
1.610 -10.006 3.572 135.9 11840160
13.552 -9.791 0.174 149.3 11840160
6.619 9.466 2.707 106.7 11840160
13.202 -8.482 5.969 135.3 11840160
-10.008 9.998 3.511 117.8 11840160
-3.339 11.476 4.677 107.7 5273780
11.536 -8.540 1.505 128.9 5273780
-10.576 8.514 5.865 139.8 5273780
6.456 -8.466 1.209 119.6 5273780
-0.728 9.102 0.266 129.4 11840160
11.436 9.844 2.167 139.8 11840160
2.330 8.840 4.648 133.0 11840160
-11.146 -10.561 0.547 138.1 11840160
-11.992 -10.732 5.405 120.7 11840160
-13.921 -9.265 4.210 141.4 11840160
-12.628 -9.796 2.568 148.2 11840160
-11.002 9.253 0.491 131.9 5273780
-14.912 10.527 5.737 144.6 11840160
-14.932 -9.418 2.146 120.3 5273780
-6.093 11.765 2.653 122.0 5273780
13.391 -9.738 5.464 135.8 11840160
-11.002 11.137 0.842 111.1 11840160
0.918 8.615 3.080 143.6 11840160
1.138 -8.575 2.685 149.6 11840160
-3.280 -8.264 3.089 124.2 11840160
1.769 10.172 5.460 129.5 5273780
-14.588 -10.877 4.319 129.5 11840160
1.488 11.980 1.829 134.7 5273780
-11.144 8.097 3.594 128.5 11840160
6.217 -8.128 0.693 110.2 11840160
3.634 11.577 4.594 133.2 11840160
-1.292 -11.860 0.133 143.9 11840160
10.316 -9.308 0.960 127.5 11840160
-6.257 -10.652 0.412 147.7 5273780
-3.774 10.606 2.248 101.3 11840160
14.368 -8.409 1.371 124.9 11840160
-9.881 8.280 1.081 106.0 5273780
-7.816 -9.402 1.129 111.2 11840160
14.694 10.890 1.925 147.8 11840160
-14.174 -8.580 3.040 132.5 5273780
-3.387 10.806 2.864 140.3 11840160
12.261 8.898 5.806 140.7 11840160
-9.757 -8.407 2.757 148.2 5273780
9.704 -8.645 4.443 119.2 11840160
3.173 10.588 4.850 133.3 11840160
-8.400 -11.889 2.236 146.3 11840160
-14.245 -8.535 1.997 131.4 5273780
-12.125 -10.789 3.155 139.4 5273780
-4.852 8.817 1.379 142.4 5273780
8.754 11.254 3.636 134.1 11840160
-11.256 -8.053 3.412 126.2 11840160
10.127 8.770 2.279 116.2 11840160
-3.693 -9.722 0.086 143.4 11840160
-13.570 -9.748 0.679 145.5 5273780
4.671 10.203 1.909 110.6 5273780
-0.592 9.797 5.665 114.8 5273780
6.078 -10.255 2.369 120.3 11840160
0.775 9.703 1.587 141.6 11840160
4.697 11.924 1.488 109.0 5273780
-0.862 10.442 2.673 107.1 11840160
12.684 -9.537 1.607 113.2 5273780
-12.851 -10.011 4.012 136.2 11840160
-1.210 -11.296 2.838 103.8 11840160
-4.386 -8.850 1.469 114.9 11840160
6.179 11.786 3.848 130.3 5273780
10.819 -9.973 2.846 125.3 5273780
3.719 10.576 2.467 107.7 11840160
-0.347 10.440 0.341 125.7 5273780
3.574 8.262 3.182 120.6 11840160
0.237 -11.401 2.738 131.9 11840160
4.595 -11.699 0.951 108.1 11840160
-13.208 11.934 0.146 106.4 11840160
1.923 -9.687 4.656 110.8 5273780
-12.892 -10.650 4.764 147.2 11840160
11.612 -9.451 0.144 102.9 5273780
9.356 -8.011 0.241 138.7 11840160
-10.196 10.677 4.772 141.8 11840160
-7.324 8.667 4.185 103.7 11840160
12.591 10.342 2.559 143.3 11840160
4.015 -11.321 1.574 143.3 11840160
-5.826 -8.385 2.307 130.9 5273780
4.596 -9.417 0.571 122.3 11840160
2.356 -11.680 5.544 144.3 5273780
-12.597 11.573 3.733 134.3 5273780
-6.639 10.229 2.275 129.6 5273780
9.837 9.038 2.125 109.4 11840160
-9.248 10.738 0.064 120.2 5273780
5.571 -10.302 5.826 144.0 11840160
3.585 -11.725 3.080 142.4 5273780
3.703 -8.990 4.789 128.0 11840160
5.055 -9.014 5.054 145.0 11840160
12.819 10.305 0.437 139.6 11840160
-2.864 8.268 0.754 147.1 11840160
8.389 9.046 4.009 125.3 11840160
-13.979 11.166 1.340 135.1 11840160
11.822 -8.131 2.530 122.5 11840160
5.378 -10.603 2.172 102.5 11840160
6.506 9.691 5.511 102.0 5273780
-13.194 -11.642 4.993 148.7 5273780
-6.798 -10.420 5.921 125.7 11840160
2.915 -10.876 4.968 120.6 11840160
13.490 -9.897 4.756 104.0 11840160
-2.154 8.833 0.613 144.4 11840160
-14.487 -9.443 4.007 124.3 11840160
14.686 -10.966 5.040 134.1 5273780
14.985 8.632 2.655 140.2 5273780
-5.655 8.782 2.128 149.9 5273780
7.574 -11.905 2.634 149.2 11840160
-11.817 10.440 0.094 144.3 5273780
5.757 -10.190 5.683 119.9 11840160
-14.361 11.794 1.901 116.7 5273780
9.156 8.098 5.115 131.0 5273780
9.914 -9.607 0.333 121.3 11840160
-8.435 -10.865 2.024 108.3 11840160
1.379 -9.503 1.300 116.8 11840160
7.745 9.232 3.198 117.8 11840160
-8.570 -11.679 2.687 149.7 11840160
-12.820 9.011 0.856 104.6 5273780
14.667 10.312 4.563 111.1 11840160
1.034 10.508 2.547 137.8 5273780
-6.118 -10.895 4.168 122.2 5273780
-9.589 -11.978 1.221 139.5 11840160
-5.647 -8.421 3.063 126.0 11840160
9.461 9.520 2.228 102.9 5273780
13.621 -11.705 4.817 147.6 11840160
6.077 11.613 4.090 103.9 11840160
1.166 -9.544 4.767 147.5 11840160
7.388 9.673 0.800 121.7 11840160
10.599 11.335 4.159 149.5 5273780
-0.602 -8.337 5.627 106.3 11840160
5.794 8.546 5.254 122.6 11840160
5.330 -10.318 1.668 120.5 5273780
-14.509 11.531 5.310 128.3 11840160
-2.258 11.690 5.940 124.2 11840160
1.830 11.905 5.076 135.0 11840160
-6.804 9.378 5.643 106.6 11840160
-8.891 -9.706 1.279 136.3 5273780
-6.451 -9.780 3.821 117.5 11840160
-3.193 11.649 1.480 121.8 5273780
9.145 -9.380 3.493 112.8 11840160
10.409 8.343 1.901 102.5 11840160
12.062 -11.320 5.714 106.1 11840160
12.970 -11.925 5.957 138.5 11840160
-5.123 -11.910 1.933 132.6 11840160
14.305 -8.358 4.973 104.0 5273780
-2.401 -9.033 1.824 100.6 11840160
7.386 -11.343 5.937 126.3 5273780
-14.294 -8.327 2.244 111.8 11840160
-1.659 9.700 1.210 105.0 11840160
-1.369 11.423 0.768 109.2 5273780
-7.986 9.024 0.751 136.6 11840160
9.470 10.316 2.985 135.3 11840160
-5.435 8.797 2.068 119.3 5273780
-8.490 11.190 4.925 100.7 5273780
-5.908 -9.898 3.612 141.8 11840160
2.042 9.613 5.083 145.5 11840160
-4.208 8.840 1.096 110.0 5273780
8.235 -9.064 1.525 111.2 11840160
-5.247 -11.535 1.583 146.2 11840160
-13.853 -9.544 4.457 125.9 11840160
-5.577 10.286 2.940 107.7 11840160
-5.060 -10.369 0.570 147.6 11840160
-8.346 10.911 4.471 115.2 11840160
-2.574 -8.193 4.291 125.8 5273780
10.224 8.256 1.008 109.4 5273780
4.869 10.627 4.881 133.2 11840160
-7.441 10.688 3.491 139.8 11840160
-13.438 8.445 5.832 137.1 11840160
-6.432 9.543 3.314 139.5 11840160
1.564 10.199 5.185 110.5 11840160
-3.689 8.414 2.686 132.6 11840160
7.601 8.553 2.323 128.3 11840160
5.931 -8.463 0.284 127.0 11840160
2.691 -11.802 5.023 130.0 11840160
-6.540 -10.564 3.218 138.2 5273780
-2.569 -10.382 1.635 118.1 5273780
1.403 11.552 0.394 114.1 5273780
-11.378 8.459 0.157 119.3 11840160
-3.883 -11.430 4.845 130.8 11840160
6.813 -10.413 4.089 101.6 5273780
9.001 10.957 3.382 135.4 5273780
-3.909 -8.964 5.831 131.5 11840160
14.524 9.981 0.984 132.8 11840160
11.979 8.321 0.413 131.8 11840160
-10.239 11.109 1.835 101.8 11840160
2.200 9.512 0.157 117.7 11840160
10.712 -11.075 0.769 117.8 11840160
12.691 8.980 0.768 117.5 11840160
-12.679 11.901 5.087 133.4 5273780
3.473 -9.742 3.294 141.2 11840160
1.265 -10.256 2.238 148.9 11840160
11.306 10.771 3.841 105.3 11840160
5.174 -11.922 5.423 139.0 11840160
-9.499 -11.823 0.476 116.5 11840160
-0.900 -11.804 5.688 122.8 11840160
7.286 8.288 1.821 119.1 11840160
7.125 -9.145 5.797 147.2 11840160
-10.384 9.569 2.692 146.0 11840160
0.487 -10.969 2.610 124.9 11840160
6.177 -11.134 2.770 121.0 11840160
13.939 -8.603 5.661 116.2 11840160
-3.570 9.680 5.028 112.5 11840160
-10.800 10.470 0.479 141.1 11840160
9.811 10.149 5.140 147.6 11840160
-8.568 -9.365 0.677 129.1 11840160
-14.551 10.102 4.833 148.9 5273780
-4.789 -8.518 0.603 128.4 11840160
-4.051 10.139 4.974 109.5 5273780
-6.653 8.056 2.965 119.9 11840160
9.637 8.445 0.090 115.9 11840160
-9.254 -9.773 1.767 126.6 11840160
-5.286 -8.559 2.242 132.7 5273780
4.374 -8.606 5.207 114.2 11840160
-12.373 -9.017 2.078 129.7 11840160
-5.609 -9.594 2.268 135.3 5273780
-11.987 -10.326 1.566 126.0 11840160
-8.796 10.189 5.633 100.3 11840160
1.548 -8.614 4.134 135.1 11840160
6.465 -9.571 3.356 102.6 11840160
-6.358 8.399 4.765 102.0 5273780
5.803 -9.423 4.775 107.4 11840160
6.287 11.473 4.220 129.5 11840160
2.979 9.511 3.589 140.0 11840160
-1.791 -9.150 0.612 140.6 5273780
12.214 10.799 5.736 146.2 11840160
7.417 -10.111 4.392 108.9 11840160
0.203 -8.454 0.194 126.4 5273780
4.827 -10.551 4.469 122.0 5273780
-14.992 8.269 2.078 129.3 11840160
13.524 -11.049 2.546 146.5 11840160
-5.350 10.805 1.999 100.3 11840160
-9.661 8.424 3.994 105.2 5273780
4.564 9.811 4.198 109.8 11840160
14.002 -11.666 2.254 130.7 11840160
0.163 -8.343 1.820 134.1 11840160
-5.022 10.468 1.167 123.9 11840160
-3.528 -9.345 3.598 118.4 11840160
10.338 8.847 3.044 104.9 11840160
-12.533 -8.142 1.514 147.9 11840160
-9.727 9.178 3.117 121.6 11840160
-12.553 -8.529 5.621 102.7 11840160
-7.408 11.590 2.451 148.1 5273780
8.151 -8.218 3.764 126.4 11840160
7.898 10.565 5.278 143.0 5273780
-10.625 10.877 1.733 109.9 11840160
-10.247 -8.943 4.128 127.7 11840160
0.208 -8.536 0.259 128.3 11840160
-10.446 10.905 1.330 146.5 11840160
-7.272 11.259 5.966 135.5 11840160
-2.564 -11.471 4.421 113.0 11840160
10.365 -10.443 5.795 128.9 5273780
8.530 11.494 4.393 115.5 11840160
6.339 8.695 3.446 137.9 11840160
-7.807 11.052 4.857 111.4 5273780
-11.530 10.177 4.503 113.7 11840160
-13.566 11.233 1.273 100.2 11840160
0.867 -8.846 2.629 140.8 11840160
-11.063 11.716 2.565 108.3 11840160
-5.576 8.181 2.426 106.1 5273780
-0.477 -9.526 3.317 103.7 5273780
2.393 -10.217 0.298 109.4 11840160
-0.381 -10.363 1.818 128.2 5273780
0.291 9.040 5.049 130.8 5273780
14.438 -8.822 1.903 109.2 5273780
-12.457 -8.104 3.796 116.4 11840160
-8.246 9.086 2.614 137.6 5273780
7.435 9.469 4.096 120.5 11840160
11.903 11.804 0.208 110.4 11840160
-12.495 -10.895 1.583 134.4 11840160
-2.218 10.513 4.833 109.7 11840160
5.483 -11.951 4.914 136.1 11840160
9.481 -8.513 2.448 138.8 5273780
-11.716 -10.564 4.328 134.0 11840160
-9.658 9.581 2.063 124.2 11840160
13.503 11.094 5.506 119.8 5273780
0.424 -10.986 4.773 130.9 5273780
1.693 -9.851 3.367 137.4 11840160
14.590 9.725 5.662 108.6 5273780
-2.113 -11.210 2.631 143.1 5273780
-3.291 9.514 2.280 141.5 5273780
-14.489 11.508 1.845 113.2 5273780
14.746 10.837 0.746 140.6 11840160
-7.275 10.907 5.400 139.7 5273780
-13.585 10.021 3.401 105.0 11840160
1.703 10.796 2.236 127.1 5273780
11.343 -9.454 5.593 130.9 11840160
-0.949 -10.915 2.115 102.4 5273780
-0.732 -9.161 3.351 143.1 11840160
-12.683 -10.456 0.716 123.9 11840160
4.235 10.993 0.353 133.4 11840160
-0.427 10.349 1.235 121.3 5273780
-14.441 10.773 2.280 142.4 5273780
1.306 -8.801 1.818 136.3 5273780
-13.682 -11.692 0.670 109.9 11840160
0.326 11.955 1.225 124.1 5273780
-6.820 9.206 5.821 146.5 5273780
-10.378 9.223 4.331 121.6 5273780
11.977 10.149 1.960 109.9 5273780
8.137 8.119 0.010 107.0 11840160
-12.203 8.453 3.833 133.6 11840160
-0.116 -11.271 0.652 143.3 5273780
9.911 -8.542 1.510 106.1 11840160
-7.019 -10.148 2.175 134.0 11840160
7.854 11.976 4.645 121.1 11840160
-12.745 -8.748 5.604 107.7 11840160
5.387 -10.292 3.505 147.0 11840160
-3.654 -10.738 3.163 146.1 5273780
0.037 -11.554 3.899 130.5 11840160
14.129 11.476 3.928 115.7 11840160
11.879 10.809 1.032 114.7 11840160
10.500 8.147 2.693 116.7 11840160
-9.816 9.564 3.175 141.5 5273780
-13.361 9.077 4.193 122.3 5273780
-0.894 10.548 2.933 137.4 11840160
0.078 8.657 1.934 138.8 11840160
11.636 -8.725 5.511 136.9 11840160
11.092 -8.822 3.476 122.6 11840160
-1.639 11.908 3.763 130.8 5273780
-12.421 -8.566 4.143 105.6 11840160
-10.510 9.644 2.861 117.9 5273780
-7.474 -9.081 4.451 126.5 5273780
6.721 -11.727 4.769 144.3 5273780
-10.718 -11.695 1.063 139.4 11840160
3.560 -10.768 0.839 125.9 11840160
-6.776 10.144 1.627 134.0 11840160
9.464 10.528 1.861 148.3 5273780
10.072 -9.341 2.616 107.0 11840160
-10.276 8.370 1.231 143.7 11840160
-10.763 -9.396 0.394 126.3 5273780
9.622 -11.756 4.851 108.4 11840160
-12.624 9.874 3.154 109.6 5273780
2.317 10.399 0.415 133.3 11840160
-12.698 10.035 5.539 122.6 5273780
11.032 11.093 0.252 110.5 5273780
-2.408 10.979 2.085 134.8 11840160
4.987 -8.722 2.355 109.4 11840160
0.576 8.078 2.536 100.4 11840160
-14.417 10.989 5.548 108.5 11840160
-9.488 -9.755 4.944 138.4 5273780
-14.413 8.286 1.943 120.6 5273780
14.940 11.147 1.411 149.1 11840160
-0.304 -9.242 1.222 149.4 11840160
-4.004 -8.706 4.010 143.4 5273780
-7.108 9.044 5.457 110.9 11840160
-3.228 10.576 1.938 114.9 11840160
-14.725 9.685 3.979 110.4 5273780
-9.981 -11.606 3.746 109.8 5273780
-1.822 -9.350 1.843 133.6 5273780
-5.967 8.624 0.207 131.5 5273780
8.977 -10.168 1.114 116.8 11840160
-2.532 11.685 1.555 103.8 11840160
12.503 9.318 0.222 135.7 11840160
6.355 8.921 5.375 134.0 5273780
4.683 -11.914 5.300 108.6 5273780
-7.533 -8.129 5.445 132.1 11840160
-6.921 10.402 5.891 120.8 11840160
-7.085 -9.687 3.859 101.3 11840160
-1.796 -8.361 5.149 130.7 11840160
-12.646 11.279 2.294 110.5 11840160
6.358 -8.421 5.926 122.2 11840160
4.252 9.098 1.617 111.2 11840160
0.277 8.474 0.837 149.0 5273780
11.389 11.464 0.883 106.5 11840160
10.558 10.485 2.070 134.0 11840160
8.376 -11.538 2.175 146.4 5273780
0.645 9.976 0.108 131.1 11840160
-1.551 8.807 1.051 131.3 5273780
-12.991 10.945 2.479 123.0 5273780
-1.479 -8.276 5.613 142.7 5273780
1.425 -11.108 1.980 114.2 5273780
4.559 -10.855 5.593 140.3 11840160
-5.603 9.952 1.022 105.9 11840160
14.676 10.852 1.057 139.7 11840160
2.561 11.671 0.631 109.6 11840160
11.678 -10.117 4.167 121.5 11840160
-4.729 8.246 1.588 146.4 11840160
3.770 -9.910 1.055 133.0 11840160
-6.524 9.886 0.189 129.8 5273780
-11.376 8.536 2.428 120.0 11840160
-9.435 10.379 2.328 139.7 11840160
-13.476 -10.459 1.477 114.7 11840160
-4.539 -8.399 1.141 113.1 11840160
0.126 -11.346 4.063 127.3 11840160
11.834 9.052 2.978 124.1 11840160
-2.412 8.907 0.241 113.3 11840160
-7.728 -8.333 2.796 137.2 11840160
0.816 10.109 3.051 112.6 11840160
0.061 11.371 0.358 119.3 11840160
9.872 11.735 0.417 103.4 11840160
14.734 -11.943 2.996 130.2 5273780
14.248 -9.847 4.308 130.7 11840160
-5.444 10.251 4.391 104.5 11840160
-14.327 8.940 1.263 142.6 11840160
4.778 11.557 1.095 101.0 11840160
-13.020 -9.217 4.167 135.3 5273780
-3.568 11.647 1.722 129.3 5273780
-5.865 11.019 4.584 123.9 11840160
0.735 8.627 1.414 127.9 11840160
14.219 -9.585 2.543 116.3 11840160
-3.813 -10.379 5.589 140.0 5273780
3.048 -9.473 2.045 130.9 5273780
7.910 -11.915 4.099 126.2 11840160
4.849 -9.804 2.094 145.9 11840160
-13.425 8.704 0.356 120.0 11840160
9.373 -10.238 0.943 146.5 5273780
-5.142 -8.609 0.899 128.4 5273780
-6.835 -9.453 5.418 105.6 11840160
5.639 10.678 5.468 103.2 5273780
-4.601 -8.683 1.790 123.6 11840160
2.823 9.505 5.425 132.2 11840160
5.665 11.986 5.081 145.0 11840160
-7.708 9.504 1.970 109.5 11840160
8.799 11.707 4.549 112.7 5273780
14.691 -9.659 0.532 146.5 5273780
10.895 -11.091 3.857 130.7 5273780
6.579 9.954 1.859 140.0 11840160
9.766 10.918 3.425 141.7 5273780
-13.192 -11.520 4.901 135.5 11840160
10.405 10.783 4.260 108.3 5273780
-13.018 -9.706 4.235 119.8 5273780
-10.049 -10.768 3.488 146.6 11840160
-7.815 -10.438 3.112 138.1 11840160
-13.997 -11.317 2.425 104.0 11840160
2.244 -10.317 3.500 106.4 5273780
6.930 8.017 4.785 123.8 11840160
4.337 -8.371 0.065 110.5 5273780
11.313 11.549 4.043 143.0 11840160
13.552 -10.444 5.902 142.7 11840160
5.295 -11.615 3.798 138.3 5273780
-5.839 -11.772 5.747 119.9 5273780
-9.769 10.243 4.757 148.7 11840160
0.181 -11.529 4.628 133.4 5273780
-3.551 8.884 0.674 125.7 11840160
11.430 11.900 1.844 145.0 11840160
7.868 -9.070 4.815 111.5 11840160
-0.812 8.792 4.837 132.6 5273780
-12.386 10.195 5.637 138.6 11840160
-6.097 -9.154 0.660 113.4 11840160
9.137 9.443 0.568 141.8 11840160
13.663 9.850 0.910 137.5 11840160
0.774 10.539 5.065 120.1 5273780
-10.632 -9.717 4.450 118.5 11840160
3.761 -11.420 0.774 102.0 11840160
-6.413 10.504 2.704 122.1 11840160
5.479 -8.310 2.534 149.8 11840160
13.582 -8.168 4.494 130.1 11840160
-11.712 -8.239 0.716 128.0 5273780
-14.912 11.860 2.020 149.4 11840160
-0.775 -10.688 3.162 123.1 11840160
-6.768 10.420 0.126 110.1 5273780
12.119 11.178 5.504 135.2 11840160
-3.922 10.719 4.085 100.2 11840160
-1.928 10.885 5.611 115.7 11840160
-4.750 11.506 2.456 113.3 11840160
-5.721 9.305 0.084 131.6 11840160
-13.786 -8.284 1.563 108.7 11840160
9.390 -9.501 5.734 102.9 11840160
5.267 -11.434 3.543 127.4 11840160
-8.700 10.169 0.847 134.7 5273780
-12.526 11.341 1.076 112.0 11840160
-0.746 -9.819 3.885 127.1 5273780
-4.992 -11.909 0.347 102.7 11840160
6.324 -11.465 3.572 140.9 5273780
12.393 8.208 5.636 125.7 5273780
-8.500 11.171 1.645 123.8 5273780
-6.979 10.826 4.293 117.1 5273780
-10.504 11.399 4.870 105.1 11840160
-10.352 -8.548 1.078 104.9 11840160
-10.300 -8.160 3.705 121.1 11840160
5.892 11.640 0.861 122.3 11840160
-4.870 11.593 5.883 125.4 11840160
-2.619 -11.951 1.025 125.9 11840160
6.193 9.443 2.141 139.9 5273780
-1.874 -11.071 0.826 126.7 11840160
12.280 -11.461 2.006 147.4 11840160
3.400 -11.275 4.769 108.9 5273780
2.847 -11.411 3.494 121.4 11840160
-0.889 8.989 0.747 130.1 11840160
-3.094 9.627 3.363 145.3 11840160
12.472 9.034 4.172 123.0 11840160
-13.072 -9.855 0.193 136.5 11840160
-12.811 -10.608 0.155 139.0 5273780
2.805 -9.527 2.225 105.7 11840160
7.186 -10.531 0.193 128.6 5273780
1.002 -8.092 2.779 103.8 11840160
-13.702 8.501 4.060 140.3 11840160
13.072 10.326 1.219 120.6 11840160
7.891 9.714 5.775 121.0 11840160
-8.637 9.650 5.265 144.6 11840160
-10.075 9.333 5.909 149.3 5273780
6.961 -8.064 1.640 149.8 11840160
-14.313 9.145 5.676 147.5 5273780
-7.312 9.932 0.254 133.6 5273780
13.424 8.468 0.756 109.8 11840160
6.232 -11.729 3.960 116.2 5273780
-7.343 8.737 1.654 124.2 11840160
8.082 9.023 4.492 143.9 11840160
14.939 11.888 0.284 118.7 5273780
13.291 -8.041 0.546 147.5 5273780
-3.408 8.956 0.258 145.4 5273780
-11.418 10.176 2.175 138.6 5273780
-4.960 9.592 4.959 147.9 11840160
-12.529 9.104 3.020 128.1 11840160
-11.513 -8.552 0.170 100.9 5273780
13.662 -8.103 2.345 110.8 5273780
4.296 8.887 3.946 122.2 5273780
-11.595 -8.252 3.254 129.6 11840160
-13.785 9.798 2.089 132.1 5273780
-12.314 11.280 3.160 138.8 11840160
-10.408 -10.566 4.647 105.7 5273780
-1.116 8.005 1.858 130.1 11840160
-13.716 8.583 4.503 102.7 5273780
2.110 11.542 0.673 147.3 11840160
8.417 11.461 5.942 128.7 11840160
-4.917 8.148 4.288 130.5 5273780
-9.111 11.317 4.314 111.9 5273780
-6.393 9.261 4.901 107.1 11840160
12.365 -11.376 5.471 138.5 5273780
-7.094 10.271 0.609 113.2 5273780
-13.235 -10.552 0.392 145.3 11840160
-8.018 -8.758 0.326 102.2 11840160
3.469 9.843 3.073 149.1 11840160
14.400 -8.729 2.997 104.2 11840160
-13.223 -11.594 3.989 127.0 11840160
-1.967 10.842 5.753 117.5 11840160
-9.668 -8.305 5.294 127.8 11840160
11.100 9.280 3.824 128.0 11840160
1.742 -9.772 2.124 101.5 11840160
-11.993 11.079 5.046 146.3 11840160
9.054 -9.247 4.618 102.5 11840160
13.583 8.791 0.675 142.6 5273780
14.839 8.433 4.787 128.7 11840160
-13.716 -8.391 1.725 113.8 11840160
-5.048 10.728 2.193 136.1 5273780
7.744 11.283 5.591 145.5 11840160
0.970 -11.445 4.819 113.0 11840160
-4.397 8.080 4.152 104.1 11840160
-10.346 -10.016 4.244 145.8 5273780
-7.032 -8.193 3.141 121.0 11840160
-8.628 -11.708 0.179 104.4 11840160
7.926 9.942 0.202 137.2 11840160
-5.650 -10.902 0.443 120.0 11840160
-0.987 -9.892 2.974 123.3 11840160
10.977 -11.877 1.391 129.6 11840160
13.340 9.583 4.018 149.3 11840160
-11.134 9.329 5.495 125.5 5273780
-9.815 10.102 3.845 134.2 11840160
6.911 10.895 4.817 113.4 11840160
4.686 9.573 0.732 149.4 11840160
-7.013 -8.223 2.589 131.3 11840160
-14.092 10.998 4.074 124.8 5273780
9.301 -9.046 1.290 107.7 11840160
11.672 -9.920 1.101 143.3 5273780
6.961 10.429 0.924 133.2 11840160
3.573 -10.168 0.724 106.8 11840160
-2.017 10.461 3.489 122.3 11840160
8.239 -9.752 4.985 126.7 11840160
2.582 -8.082 4.789 135.2 11840160
1.140 -8.605 4.505 116.0 5273780
-10.896 8.954 0.264 114.9 11840160
8.210 10.692 1.743 106.6 11840160
-1.085 -9.373 1.326 118.5 11840160
10.747 11.362 3.954 113.6 11840160
-10.409 -10.734 0.810 104.4 5273780
-7.080 10.953 3.314 124.6 11840160
9.261 -9.123 2.030 138.9 5273780
-0.129 -10.551 1.773 127.5 11840160
-11.530 -10.536 2.583 141.7 11840160
-13.027 -9.679 0.390 142.2 11840160
10.371 8.069 4.894 111.4 11840160
7.789 9.500 0.178 127.1 5273780
7.386 10.874 3.688 128.4 5273780
10.134 9.159 1.955 136.7 11840160
-0.703 11.090 2.420 126.8 11840160
12.036 10.725 5.585 131.6 11840160
-1.062 -10.201 4.720 129.3 5273780
8.185 -11.794 3.027 103.1 11840160
10.252 -9.241 1.477 142.0 11840160
-9.966 9.835 1.271 135.5 11840160
-9.325 -11.457 2.456 123.0 5273780
14.207 -8.073 2.691 130.2 11840160
-5.276 10.296 5.327 122.3 11840160
-12.863 -10.744 5.183 116.9 11840160
-11.299 -11.133 0.208 118.1 11840160
-3.608 -10.018 0.749 149.0 11840160
8.384 10.779 0.220 146.1 5273780
-3.151 -9.500 1.520 148.2 11840160
-12.801 11.888 1.499 123.3 11840160
6.098 -10.984 4.174 145.1 11840160
1.610 10.430 1.661 145.4 5273780
12.363 10.845 2.166 139.8 11840160
-3.470 9.365 3.536 142.7 11840160
6.225 -11.852 5.190 129.4 5273780
2.350 10.912 5.516 104.1 11840160
-10.472 8.091 5.433 116.0 11840160
0.080 -9.834 4.808 133.9 5273780
13.770 11.471 2.295 122.6 11840160
-2.640 10.013 0.806 108.4 5273780
-4.299 -10.885 2.050 110.8 11840160
-13.664 -8.619 3.693 111.9 11840160
1.772 11.493 3.317 145.6 11840160
0.011 -11.117 2.481 126.1 11840160
11.775 -8.019 0.268 120.9 11840160
6.298 -11.785 3.483 131.8 5273780
7.976 11.861 1.081 122.4 11840160
-10.341 9.604 1.991 127.6 11840160
-3.479 -9.801 1.652 110.3 11840160
-4.666 10.477 3.712 102.7 11840160
-9.714 -11.006 4.842 116.2 11840160
0.199 8.091 5.765 136.5 5273780
-1.846 8.449 4.404 135.2 11840160
-6.301 -9.803 4.697 127.9 11840160
-6.016 -8.298 2.817 108.7 11840160
8.331 10.821 5.876 132.8 5273780
-2.072 -9.531 3.806 115.0 11840160
3.674 8.257 2.813 134.3 11840160
11.868 9.073 0.548 129.5 11840160
3.569 11.203 2.374 125.0 11840160
13.501 -10.077 4.773 107.7 11840160
-8.534 -10.948 0.223 108.1 11840160
13.500 -8.628 5.991 135.0 11840160
-7.036 10.440 3.925 144.7 5273780
7.591 8.433 3.664 128.5 5273780
-6.213 8.910 5.330 143.6 11840160
-12.486 9.752 3.151 141.4 11840160
12.452 9.922 2.174 127.0 11840160
5.190 -9.864 0.578 121.7 11840160
7.347 -8.945 3.264 104.4 11840160
-6.955 -10.831 1.704 126.5 11840160
8.855 -8.836 5.847 139.3 11840160
9.207 8.487 5.654 109.8 11840160
-6.542 -9.344 1.542 104.4 11840160
0.083 -11.353 1.759 100.0 11840160
-0.832 -8.869 1.841 128.7 11840160
-10.335 -10.854 4.647 148.5 5273780
-5.903 -11.226 3.245 120.2 5273780
-2.064 -9.597 0.585 149.1 11840160
8.359 10.641 5.953 113.5 11840160
3.722 8.476 1.126 125.5 5273780
11.588 -10.411 3.924 119.4 5273780
-8.246 10.307 3.973 121.1 11840160
-12.385 -8.165 4.973 100.1 5273780
5.738 9.594 4.830 145.1 11840160
-8.619 -9.013 4.169 146.1 11840160
-13.650 -11.265 5.529 124.1 11840160
-9.629 -10.571 4.130 136.4 11840160
11.382 -10.765 3.780 134.9 11840160
-7.245 -8.152 3.746 136.6 11840160
13.546 -11.897 3.354 100.2 5273780
11.139 10.098 3.400 104.0 11840160
4.465 8.711 5.328 148.9 11840160
9.160 -9.518 2.781 122.3 11840160
-9.397 8.181 0.147 124.7 5273780
8.403 -8.990 1.755 104.7 5273780
-0.429 -11.123 3.382 115.1 11840160
11.044 9.969 0.364 102.5 11840160
-9.641 10.669 5.718 139.1 5273780
-0.917 8.478 5.468 119.0 11840160
-12.736 8.224 3.748 145.7 11840160
2.834 -8.305 1.758 107.3 11840160
-3.008 10.793 4.795 138.7 11840160
-4.606 11.794 3.355 103.0 11840160
-12.417 -9.717 3.232 118.3 5273780
12.500 -8.306 3.490 121.6 5273780
-8.242 11.438 1.118 134.4 11840160
-10.475 -9.452 1.931 132.9 11840160
4.560 -10.937 2.855 116.9 11840160
-9.589 8.714 0.336 102.6 11840160
-3.030 -10.800 1.170 146.1 11840160
-12.200 9.890 0.471 124.2 11840160
-14.190 -11.058 5.472 120.9 11840160
-1.459 -11.417 1.241 124.6 11840160
-4.924 -9.610 5.489 148.4 11840160
-0.724 -11.307 1.376 111.4 11840160
11.831 9.673 1.751 123.2 11840160
12.818 10.319 5.944 119.7 5273780
0.095 11.144 2.090 105.9 11840160
-5.167 -11.118 3.944 138.2 5273780
7.949 -10.410 5.434 100.6 5273780
4.683 -10.943 5.193 119.0 11840160
-10.990 -11.493 5.603 145.5 11840160
-8.392 11.526 4.614 138.4 5273780
1.938 10.360 5.625 139.3 11840160
2.536 10.392 5.646 146.1 11840160
3.239 -8.429 0.090 146.9 11840160
-10.286 -1.472 0.900 137.8 11804190
-8.917 -1.929 0.791 175.3 11804190
-10.075 -1.511 1.139 173.6 11804190
-10.017 -1.337 1.029 147.1 11804190
-10.732 -1.217 0.580 172.8 11804190
-10.510 -1.521 0.923 172.3 11804190
-10.024 -1.538 0.400 126.5 11804190
-8.876 -1.682 0.665 145.9 11804190
-10.035 -1.480 1.466 171.0 11804190
-9.614 -1.432 0.410 133.6 11804190
-8.823 -1.064 1.138 162.5 11804190
-9.776 -1.484 1.090 167.5 11804190
-9.835 -1.236 1.029 142.4 11804190
-10.085 -1.570 1.465 155.8 11804190
-9.410 -1.458 0.913 127.7 11804190
-10.334 -0.954 1.216 130.3 11804190
-9.380 -1.120 0.708 144.6 11804190
-9.532 -1.549 1.190 157.6 11804190
-10.653 -1.450 1.210 157.0 11804190
-9.665 -1.431 1.426 129.9 11804190
-11.455 -1.850 0.918 165.3 11804190
-10.310 -0.915 1.261 127.9 11804190
-9.893 -1.475 0.526 138.4 11804190
-10.271 -1.057 1.421 166.7 11804190
-9.015 -1.284 1.311 167.8 11804190
-8.947 -1.081 1.343 169.3 11804190
-9.691 -1.498 0.803 149.5 11804190
-8.969 -1.606 1.063 122.1 11804190
-10.170 -1.423 1.380 171.4 11804190
-10.441 -1.575 0.603 124.2 11804190
-10.337 -1.815 1.126 177.8 11804190
-9.851 -1.803 0.643 126.1 11804190
-8.680 -1.080 0.637 177.2 11804190
-10.740 -1.873 0.872 140.8 11804190
-9.853 -1.709 0.460 160.1 11804190
-10.516 -1.033 0.540 150.2 11804190
-9.610 -1.472 0.407 125.7 11804190
-9.387 -1.481 0.965 147.3 11804190
-10.636 -1.659 0.899 147.5 11804190
-9.934 -1.538 0.537 134.8 11804190
-10.822 -1.513 1.489 146.6 11804190
-9.236 -1.602 1.284 142.8 11804190
-8.369 -1.333 0.529 156.0 11804190
-9.208 -1.383 0.331 134.6 11804190
-9.159 -1.994 0.450 126.6 11804190
-10.705 -1.897 1.490 164.4 11804190
-9.996 -1.496 0.973 151.7 11804190
-10.428 -1.401 0.578 170.4 11804190
-8.090 -1.431 0.536 127.0 11804190
-11.259 -1.876 0.319 175.3 11804190
-10.018 -1.434 0.674 163.9 11804190
-11.498 -1.881 1.235 133.5 11804190
-10.994 -1.938 1.121 152.3 11804190
-9.500 -1.103 0.601 151.0 11804190
-9.259 -1.361 1.286 179.3 11804190
-9.807 -1.482 1.424 146.7 11804190
-10.969 -1.824 1.081 173.4 11804190
-10.424 -1.572 1.250 165.8 11804190
-10.651 -1.476 1.477 120.8 11804190
-10.329 -1.980 1.359 124.0 11804190
-9.734 -1.485 0.487 178.1 11804190
-11.370 -1.789 1.180 121.9 11804190
-8.446 -1.552 1.075 168.0 11804190
-10.641 -1.272 0.554 142.8 11804190
-9.500 -1.655 1.485 150.9 11804190
-8.237 -1.656 0.909 157.9 11804190
-9.476 -1.939 0.446 127.3 11804190
-9.566 -1.395 1.190 171.9 11804190
-9.437 -1.019 0.874 152.2 11804190
-10.318 -1.878 1.204 135.4 11804190
-8.404 -1.393 0.586 122.6 11804190
-9.465 -1.257 0.335 167.6 11804190
-8.439 -1.764 1.424 127.1 11804190
-9.396 -1.026 0.435 122.0 11804190
-11.241 -1.396 1.394 155.0 11804190
-8.405 -1.138 1.215 160.1 11804190
-9.569 -1.132 0.896 122.1 11804190
-10.052 -1.606 0.422 161.4 11804190
-8.958 -1.302 0.881 141.1 11804190
-10.458 -1.080 0.761 142.0 11804190
-9.737 -1.528 1.361 165.2 11804190
-10.326 -1.600 1.452 175.0 11804190
-9.944 -1.384 0.388 126.7 11804190
-9.836 -1.614 1.068 141.5 11804190
-9.638 -1.409 1.464 124.7 11804190
-9.178 -1.049 0.459 173.4 11804190
-9.033 -1.718 1.215 133.1 11804190
-10.075 -1.389 1.244 161.2 11804190
-10.387 -1.390 0.479 162.4 11804190
-9.741 -1.262 0.648 145.1 11804190
-8.629 -1.666 0.827 124.8 11804190
-9.391 -1.270 1.338 153.7 11804190
-10.339 -1.747 0.397 125.1 11804190
-10.630 -1.133 0.392 139.4 11804190
-9.102 -1.729 0.648 127.4 11804190
-8.376 -1.599 0.708 124.6 11804190
-10.175 -1.504 1.078 151.7 11804190
-9.828 -1.579 1.144 138.6 11804190
-10.692 -1.183 1.340 171.1 11804190
-10.414 -1.213 0.752 175.3 11804190
-9.193 -1.455 0.753 170.4 11804190
-11.261 -1.356 0.867 166.7 11804190
-9.590 -1.497 0.846 166.6 11804190
-10.061 -1.279 1.449 144.0 11804190
-10.183 -1.492 0.980 131.9 11804190
-10.209 -1.571 1.189 135.4 11804190
-10.713 -1.957 0.739 158.6 11804190
-10.458 -1.464 0.605 168.7 11804190
-11.638 -1.655 1.349 125.9 11804190
-11.224 -1.803 1.299 165.2 11804190
-9.522 -1.262 0.763 176.8 11804190
-9.792 -1.743 1.379 147.3 11804190
-9.471 -1.122 0.563 130.4 11804190
-9.430 -1.359 1.189 178.2 11804190
-9.784 -1.549 0.450 122.4 11804190
-9.346 -1.800 0.628 154.2 11804190
-10.391 -1.716 0.991 175.6 11804190
-9.948 -1.516 1.069 121.5 11804190
-10.496 -1.674 1.118 164.2 11804190
-9.492 -1.600 0.335 172.1 11804190
-10.987 -1.464 1.472 150.0 11804190
-9.355 -1.615 1.162 150.0 11804190
-8.342 -1.774 1.018 179.6 11804190
-9.844 -1.512 0.312 121.6 11804190
-9.826 -1.185 0.608 122.0 11804190
-9.576 -1.355 1.158 176.2 11804190
-10.271 -1.761 0.523 136.8 11804190
-9.594 -1.091 0.516 171.1 11804190
-9.665 -1.702 0.341 133.3 11804190
-9.451 -1.768 1.302 123.3 11804190
-10.905 -1.060 1.031 139.8 11804190
-11.629 -1.329 0.718 175.7 11804190
-10.230 -1.312 1.077 149.4 11804190
-11.050 -1.665 1.339 127.0 11804190
-10.128 -1.770 0.590 158.2 11804190
-9.562 -1.485 0.361 138.2 11804190
-10.123 -1.615 0.309 159.6 11804190
-8.501 -1.819 1.069 125.8 11804190
-10.270 -0.930 0.736 136.4 11804190
-9.171 -1.372 0.364 142.8 11804190
-9.092 -1.126 0.689 169.7 11804190
-10.727 -1.352 1.287 134.5 11804190
-9.495 -1.493 0.590 170.0 11804190
-8.428 -1.606 1.095 135.4 11804190
-10.023 -1.562 1.287 153.9 11804190
-10.717 -1.624 0.316 148.4 11804190
-10.375 -1.178 0.826 144.8 11804190
-9.406 -1.264 0.661 123.0 11804190
-9.324 -1.480 0.382 155.8 11804190
-10.191 -1.533 1.459 134.0 11804190
-9.472 -1.512 0.722 130.1 11804190
-10.538 -1.524 0.490 121.6 11804190
-11.509 -1.378 1.484 165.0 11804190
-8.654 -1.683 1.261 149.8 11804190
-11.879 -1.635 0.704 168.6 11804190
-8.529 -1.617 1.080 122.6 11804190
-9.213 -1.285 1.315 158.3 11804190
-9.956 -1.173 0.453 159.1 11804190
-11.165 -1.656 0.976 145.7 11804190
-8.778 -1.660 1.032 132.2 11804190
-10.274 -1.345 1.413 158.4 11804190
-11.794 -1.594 1.451 146.9 11804190
-9.334 -1.704 0.971 143.0 11804190
-8.543 -1.668 1.282 173.6 11804190
-9.215 -1.305 0.307 130.1 11804190
-10.594 -1.505 0.643 168.7 11804190
-9.229 -1.278 0.814 160.7 11804190
-9.891 -1.463 0.716 126.3 11804190
-10.032 -1.526 0.900 129.1 11804190
-11.823 -1.536 1.231 135.9 11804190
-10.686 -1.829 0.697 159.9 11804190
-9.807 -1.422 0.964 175.9 11804190
-9.798 -1.122 0.713 174.1 11804190
-10.159 -1.802 1.007 169.6 11804190
-10.668 -1.300 0.341 164.8 11804190
-10.186 -1.885 1.425 163.6 11804190
-9.630 -1.736 0.626 167.8 11804190
-10.044 -1.654 0.419 160.2 11804190
-9.794 -1.572 0.577 121.2 11804190
-9.856 -1.239 1.263 136.9 11804190
-10.984 -1.510 1.109 134.7 11804190
-9.512 -1.530 0.436 127.9 11804190
-10.205 -1.506 0.651 170.6 11804190
-9.739 -1.495 1.451 150.4 11804190
-9.923 -1.502 1.385 146.7 11804190
-9.815 -1.578 0.336 146.9 11804190
-10.031 -1.286 1.448 175.2 11804190
-10.018 -1.649 1.438 175.5 11804190
-10.454 -1.643 0.777 129.5 11804190
-10.446 -1.261 1.474 158.8 11804190
-8.524 -1.732 1.010 174.8 11804190
-9.728 -1.458 0.682 155.3 11804190
-9.699 -1.084 0.938 126.6 11804190
-8.772 -1.331 1.293 123.8 11804190
-9.530 -1.272 1.061 149.3 11804190
-9.645 -1.577 0.580 160.7 11804190
-11.263 -1.392 1.254 135.0 11804190
-10.216 -1.494 0.464 164.3 11804190
-11.038 -1.618 1.309 160.8 11804190
-10.220 -1.402 0.767 142.0 11804190
-11.800 -1.644 0.487 165.1 11804190
-9.362 -0.980 1.106 163.4 11804190
-9.465 -1.483 0.485 137.5 11804190
-9.418 -1.258 0.496 147.0 11804190
-10.029 -2.024 0.925 172.0 11804190
-10.444 -1.911 0.924 175.4 11804190
-10.449 -1.210 1.209 136.3 11804190
-10.334 -1.741 0.933 153.7 11804190
-8.842 -1.193 1.421 161.6 11804190
-11.321 -1.109 0.697 175.8 11804190
-9.896 -1.554 1.320 162.1 11804190
-10.150 -1.310 0.838 140.9 11804190
-9.052 -1.064 1.480 176.5 11804190
-8.507 -1.447 0.710 166.1 11804190
-9.921 -1.433 0.368 121.4 11804190
-9.937 -1.524 1.444 128.6 11804190
-10.481 -1.178 0.446 156.2 11804190
-10.966 -1.855 0.701 127.6 11804190
-11.541 -1.595 0.865 125.6 11804190
-9.650 -2.049 1.163 152.4 11804190
-10.300 -1.289 1.460 139.5 11804190
-10.075 -0.964 1.036 134.5 11804190
-10.119 -1.451 0.922 121.8 11804190
-10.043 -1.475 0.652 135.5 11804190
-9.462 -1.065 0.316 145.5 11804190
-10.061 -1.267 0.597 131.4 11804190
-9.528 -1.592 0.577 152.2 11804190
-10.414 -1.664 0.860 160.6 11804190
-9.956 -1.495 1.008 152.8 11804190
-9.608 -1.591 0.980 154.3 11804190
-11.296 -1.846 0.946 133.5 11804190
-10.047 -1.481 1.164 150.6 11804190
-11.230 -1.147 1.008 133.5 11804190
-9.939 -2.055 1.140 167.4 11804190
-9.921 -1.918 0.492 133.1 11804190
-9.450 -0.946 0.507 180.0 11804190
-9.378 -1.793 0.589 165.0 11804190
-10.614 -1.591 1.112 179.8 11804190
-9.272 -1.146 0.495 171.2 11804190
-9.439 -1.246 0.589 167.1 11804190
-10.291 -1.524 0.330 173.0 11804190
-8.781 -1.328 0.599 137.6 11804190
-10.182 -1.673 0.459 127.6 11804190
-9.752 -1.611 0.447 154.4 11804190
-10.072 -1.453 1.275 167.3 11804190
-9.169 -1.418 1.085 175.1 11804190
-9.924 -1.403 1.148 161.8 11804190
-9.688 -1.205 0.569 153.9 11804190
-9.235 -1.348 0.936 164.4 11804190
-8.308 -1.238 0.676 138.0 11804190
-11.120 -1.829 1.489 177.7 11804190
-9.980 -1.482 0.380 174.2 11804190
-10.947 -1.321 0.790 168.6 11804190
-8.281 -1.624 0.743 121.3 11804190
-10.904 -1.401 1.011 140.4 11804190
-8.169 -1.383 1.243 144.8 11804190
-10.041 -1.190 0.752 127.5 11804190
-9.362 -1.926 1.021 146.8 11804190
-9.791 -0.991 1.164 141.7 11804190
-10.865 -1.749 0.797 121.4 11804190
-11.113 -1.482 0.920 158.2 11804190
-8.980 -1.215 0.466 140.7 11804190
-10.283 -1.776 1.013 149.3 11804190
-11.101 -1.674 0.769 140.2 11804190
-8.227 -1.654 1.417 133.9 11804190
-10.649 -1.871 0.538 150.4 11804190
-10.250 -1.212 0.886 150.7 11804190
-9.581 -1.519 0.751 157.5 11804190
-8.762 -1.553 0.539 151.2 11804190
-11.691 -1.533 0.903 153.5 11804190
-10.139 -1.348 0.415 163.4 11804190
-8.401 -1.808 1.003 133.7 11804190
-10.365 -1.614 0.990 144.0 11804190
-10.191 -1.720 0.912 126.3 11804190
-9.866 -1.619 1.143 135.1 11804190
-10.251 -1.027 0.658 179.5 11804190
-8.584 -1.873 0.474 131.7 11804190
-9.593 -1.918 1.133 171.7 11804190
-9.675 -1.514 0.705 163.4 11804190
-10.719 -1.429 1.450 176.3 11804190
-9.157 -1.208 1.139 126.9 11804190
-11.718 -1.770 0.951 160.3 11804190
-10.246 -1.625 1.424 154.3 11804190
-8.301 -1.381 1.418 144.3 11804190
-11.346 -1.696 0.799 127.3 11804190
-9.396 -2.009 0.377 137.9 11804190
-10.684 -1.445 1.237 141.6 11804190
-8.342 -1.264 0.847 170.5 11804190
-10.030 -1.487 0.541 126.8 11804190
-10.959 -1.562 1.453 164.3 11804190
-8.779 -1.527 1.015 172.7 11804190
-9.504 -1.654 0.863 146.2 11804190
-8.967 -1.638 1.008 169.5 11804190
-11.188 -1.248 0.546 176.9 11804190
-9.799 -1.726 0.560 140.1 11804190
-9.970 -1.528 1.161 126.8 11804190
-8.643 -1.938 1.312 159.0 11804190
-10.936 -1.669 0.851 160.4 11804190
-9.994 -1.509 0.651 126.2 11804190
-10.506 -1.680 0.311 142.5 11804190
-9.565 -1.672 0.338 178.3 11804190
-10.291 -1.462 1.159 160.9 11804190
-11.922 -1.597 0.371 151.0 11804190
-10.010 -1.296 1.104 130.9 11804190
-10.446 -1.349 0.498 151.7 11804190
-9.099 -1.509 0.727 169.6 11804190
-9.813 -2.021 0.358 158.6 11804190
-9.588 -0.949 0.652 153.8 11804190
-8.968 -1.675 0.859 120.6 11804190
-10.564 -1.351 0.454 120.1 11804190
-10.800 -1.225 1.315 123.4 11804190
-10.143 -1.411 0.406 148.5 11804190
-8.795 -1.756 0.858 165.4 11804190
-10.068 -1.527 1.263 121.5 11804190
-9.132 -1.390 0.441 163.2 11804190
-9.379 -1.082 0.980 165.8 11804190
-10.854 -1.401 1.360 157.0 11804190
-11.269 -1.393 0.306 150.9 11804190
-9.248 -1.294 0.781 142.4 11804190
-9.335 -1.239 0.558 130.1 11804190
-9.918 -1.489 0.512 161.3 11804190
-8.854 -1.898 1.113 137.3 11804190
-10.451 -1.598 0.934 140.8 11804190
-10.086 -1.157 0.955 120.7 11804190
-9.672 -1.473 0.740 151.6 11804190
-10.044 -1.472 0.390 137.2 11804190
-9.631 -1.240 0.385 142.5 11804190
-10.020 -1.667 0.434 156.0 11804190
-11.410 -1.828 1.245 127.7 11804190
-8.562 -1.103 0.786 124.6 11804190
-10.129 -1.372 0.686 162.9 11804190
-8.885 -1.786 0.373 170.3 11804190
-10.458 -1.530 0.868 136.8 11804190
-8.511 -1.390 0.965 175.0 11804190
-10.777 -1.869 1.452 158.8 11804190
-10.850 -1.201 1.140 165.6 11804190
-10.204 -1.811 0.870 137.7 11804190
-9.981 -1.502 1.333 153.6 11804190
-11.950 -1.542 1.207 131.1 11804190
-10.503 -1.973 0.395 149.1 11804190
-8.035 -1.491 0.552 150.6 11804190
-9.675 -1.602 1.112 164.1 11804190
-10.640 -1.244 1.349 164.3 11804190
-8.431 -1.334 0.605 164.3 11804190
-10.940 -1.785 0.517 160.2 11804190
-10.534 -1.574 1.476 171.7 11804190
-10.763 -1.437 1.279 160.8 11804190
-11.024 -1.631 0.780 130.8 11804190
-10.036 -1.488 0.817 126.9 11804190
-9.984 -1.385 0.453 150.4 11804190
-10.175 -1.571 0.552 168.9 11804190
-9.447 -1.424 0.794 162.4 11804190
-9.327 -1.477 1.498 130.3 11804190
-10.762 -1.283 0.352 142.8 11804190
-8.126 -1.492 0.706 120.3 11804190
-10.074 -1.447 0.738 135.5 11804190
-9.447 -1.024 0.741 162.2 11804190
-10.836 -1.420 1.211 162.3 11804190
-9.122 -1.463 1.152 124.6 11804190
-8.783 -1.968 0.970 152.4 11804190
-10.151 -1.080 1.290 171.5 11804190
-9.429 -1.660 1.268 179.6 11804190
-9.718 -1.431 1.257 164.3 11804190
-11.385 -1.871 0.962 120.9 11804190
-9.863 -1.933 1.211 145.5 11804190
-8.735 -1.421 0.683 132.6 11804190
-10.327 -1.464 0.771 135.7 11804190
-10.588 -1.744 0.666 157.4 11804190
-8.190 -1.299 1.238 175.0 11804190
-11.859 -1.560 0.653 171.1 11804190
-9.962 -1.006 0.436 159.4 11804190
-8.068 -1.654 0.365 163.1 11804190
-9.891 -1.397 0.793 171.1 11804190
-11.678 -1.469 0.470 150.6 11804190
-11.268 -1.962 0.442 174.6 11804190
-11.731 -1.518 0.446 163.8 11804190
-10.442 -1.693 0.844 156.9 11804190
-10.073 -1.505 0.442 150.3 11804190
-10.098 -1.653 1.283 148.6 11804190
-10.401 -1.106 0.586 157.2 11804190
-9.787 -1.175 0.751 124.7 11804190
-10.575 -1.266 1.243 126.4 11804190
-9.008 -1.088 1.035 136.0 11804190
-11.598 -1.801 0.531 135.6 11804190
-9.266 -1.522 0.888 172.3 11804190
-9.638 -1.129 0.346 122.4 11804190
-10.923 -1.274 1.259 123.4 11804190
-9.677 -1.279 1.489 128.0 11804190
-8.443 -1.812 1.207 170.7 11804190
-10.485 -2.008 0.329 132.7 11804190
-9.465 -0.975 0.988 144.0 11804190
-11.950 -1.586 1.253 131.8 11804190
-9.478 -1.749 1.474 174.5 11804190
-9.272 -1.732 0.325 179.6 11804190
-11.732 -1.575 0.568 155.8 11804190
-9.830 -1.629 1.370 180.0 11804190
-10.103 -1.612 1.425 130.0 11804190
-9.778 -1.563 0.625 139.3 11804190
-9.483 -1.388 1.125 120.1 11804190
-11.216 -1.972 0.784 173.5 11804190
-9.848 -1.532 0.469 162.6 11804190
-10.593 -1.668 0.823 127.1 11804190
-11.174 -1.485 0.740 179.0 11804190
-9.767 -1.494 1.326 172.1 11804190
-9.757 -1.107 1.304 150.3 11804190
-9.984 -1.537 0.947 170.7 11804190
-10.150 -1.534 0.956 148.0 11804190
-8.727 -1.400 0.932 149.6 11804190
-9.244 -1.021 1.056 174.6 11804190
-11.026 -1.566 0.644 150.0 11804190
-10.484 -1.303 0.815 158.3 11804190
-10.015 -1.552 0.919 154.7 11804190
-9.925 -1.503 0.459 135.8 11804190
-9.793 -1.997 0.858 167.2 11804190
-9.874 -1.456 1.301 141.8 11804190
-10.920 -1.451 0.993 176.2 11804190
-10.874 -1.909 0.360 129.6 11804190
-9.906 -1.578 1.262 163.9 11804190
-9.914 -2.012 1.480 174.1 11804190
-9.558 -1.044 0.753 151.6 11804190
-10.234 -1.638 0.980 159.2 11804190
-11.601 -1.301 1.461 165.2 11804190
-10.208 -1.275 0.924 172.9 11804190
-10.621 -1.256 0.533 145.7 11804190
-8.565 -1.344 1.484 134.6 11804190
-9.526 -1.735 0.745 167.5 11804190
-10.015 -1.488 0.640 178.7 11804190
-9.837 -1.280 0.719 158.2 11804190
-9.802 -1.547 1.254 168.0 11804190
-10.367 -1.727 0.390 169.1 11804190
-9.916 -1.463 0.911 147.0 11804190
-9.954 -1.461 0.906 157.8 11804190
-9.492 -1.884 0.692 125.3 11804190
-9.698 -1.381 1.172 153.6 11804190
-10.529 -1.466 0.732 133.0 11804190
-11.046 -1.761 0.965 131.1 11804190
-9.993 -1.550 0.914 172.7 11804190
-9.265 -1.365 1.039 152.7 11804190
-9.840 -1.610 1.189 148.5 11804190
-9.622 -1.087 0.484 160.4 11804190
-10.008 -1.494 0.676 162.0 11804190
-10.687 -1.647 0.548 176.9 11804190
-8.591 -1.231 0.624 130.3 11804190
-9.504 -2.071 0.669 135.4 11804190
-8.992 -1.937 1.148 122.3 11804190
-9.970 -1.640 1.100 171.7 11804190
-11.515 -1.239 1.348 152.3 11804190
-9.843 -1.390 0.919 168.0 11804190
-10.328 -1.717 1.267 163.4 11804190
-8.704 -1.732 0.504 173.3 11804190
-10.080 -1.463 0.984 143.9 11804190
-11.502 -1.113 0.991 175.9 11804190
-10.470 -1.708 1.109 153.0 11804190
-10.650 -1.528 1.452 128.2 11804190
-10.231 -1.236 1.305 139.4 11804190
-9.654 -1.338 1.273 124.8 11804190
-11.411 -1.720 0.397 177.6 11804190
-9.270 -1.409 0.312 168.9 11804190
-10.082 -1.487 1.358 147.6 11804190
-10.626 -1.664 0.868 138.8 11804190
-9.030 -1.094 0.587 135.7 11804190
-9.933 -2.010 1.454 124.5 11804190
-9.679 -1.990 0.750 147.9 11804190
-10.143 -1.635 0.476 150.3 11804190
-8.542 -1.820 1.334 148.5 11804190
-10.305 -1.280 1.181 134.3 11804190
-9.463 -1.332 1.349 121.9 11804190
-9.959 -1.596 0.874 179.6 11804190
-9.866 -1.201 1.200 139.3 11804190
-9.504 -1.200 1.348 174.4 11804190
-10.712 -1.605 0.896 177.2 11804190
-9.735 -1.536 0.524 144.4 11804190
-10.041 -1.461 0.864 175.3 11804190
-9.165 -1.600 0.452 154.9 11804190
-10.479 -1.850 0.388 144.7 11804190
-8.161 -1.474 1.281 147.1 11804190
-8.806 -1.452 1.392 177.7 11804190
-8.799 -1.266 0.667 176.4 11804190
-10.703 -1.777 1.208 166.3 11804190
-9.502 -1.535 1.171 163.6 11804190
-10.093 -1.471 1.377 163.8 11804190
-11.963 -1.423 0.393 160.3 11804190
-8.792 -1.431 0.719 154.8 11804190
-10.277 -1.292 1.040 136.8 11804190
-10.883 -1.616 0.324 142.1 11804190
-9.398 -1.323 1.022 156.9 11804190
-10.377 -1.521 1.064 135.7 11804190
-10.589 -1.569 1.432 174.5 11804190
-10.005 -1.477 1.305 127.4 11804190
-8.868 -1.101 1.246 145.3 11804190
-10.023 -1.656 0.805 162.4 11804190
-8.837 -1.897 0.429 156.9 11804190
-10.426 -0.954 1.207 135.3 11804190
-8.616 -1.170 0.451 146.4 11804190
-9.596 -1.951 0.560 134.7 11804190
-9.703 -1.686 0.393 144.6 11804190
-8.594 -1.618 0.495 155.8 11804190
-9.443 -1.362 1.004 161.7 11804190
-10.817 -1.127 0.979 141.5 11804190
-9.932 -1.429 0.741 135.4 11804190
-0.577 -0.592 1.159 142.0 1981580
0.022 -0.988 1.060 175.2 1981580
0.947 -0.950 0.756 162.2 1981580
-0.054 -1.077 0.322 152.9 1981580
-0.143 -1.035 0.960 155.8 1981580
0.241 -0.805 0.460 159.3 1981580
-0.719 -1.172 0.747 172.8 1981580
-0.096 -0.574 1.327 153.6 1981580
1.442 -1.161 0.529 137.4 1981580
0.373 -0.421 0.819 174.1 1981580
0.214 -1.036 0.780 126.2 1981580
-0.387 -1.000 0.321 129.2 1981580
-0.109 -0.874 1.449 179.9 1981580
0.001 -1.049 1.125 141.1 1981580
-0.564 -1.550 0.470 159.3 1981580
0.737 -1.062 0.970 136.3 1981580
0.884 -0.961 0.687 167.7 1981580
-0.102 -0.965 1.413 130.1 1981580
1.133 -0.697 0.895 124.3 1981580
-1.298 -0.955 1.453 130.0 1981580
0.519 -1.126 0.854 170.3 1981580
-1.506 -0.802 1.487 153.2 1981580
1.003 -1.241 0.578 136.2 1981580
-1.576 -1.063 0.835 178.8 1981580
-0.225 -0.895 1.315 174.7 1981580
0.610 -1.092 1.108 143.7 1981580
-1.765 -0.802 0.564 165.4 1981580
-1.053 -0.854 1.220 141.8 1981580
-0.003 -1.003 1.257 135.2 1981580
1.561 -0.788 0.393 165.0 1981580
-1.652 -1.015 1.397 159.9 1981580
-0.749 -1.238 0.993 146.2 1981580
-1.023 -1.102 0.711 125.4 1981580
0.601 -1.416 0.804 159.0 1981580
-0.010 -0.977 1.298 144.6 1981580
1.365 -0.624 0.350 141.4 1981580
0.811 -0.597 1.255 126.9 1981580
1.105 -0.907 0.821 166.5 1981580
-0.629 -0.723 0.919 174.8 1981580
-0.049 -0.882 0.864 151.2 1981580
0.536 -1.173 0.757 138.9 1981580
0.585 -0.659 0.822 120.7 1981580
0.261 -0.884 1.298 130.5 1981580
-0.077 -0.994 0.792 176.0 1981580
0.414 -0.996 0.764 148.8 1981580
-0.004 -1.002 0.353 142.5 1981580
-0.946 -1.139 1.219 138.7 1981580
1.717 -0.722 1.171 162.8 1981580
0.259 -0.969 0.895 132.1 1981580
-0.209 -0.800 0.315 140.2 1981580
0.459 -1.400 1.115 132.6 1981580
1.626 -0.801 1.175 130.7 1981580
0.071 -0.878 0.440 142.3 1981580
-1.207 -0.963 0.698 165.3 1981580
0.685 -1.094 0.821 122.0 1981580
-1.194 -0.622 0.707 169.9 1981580
0.957 -1.417 0.558 128.5 1981580
0.038 -0.988 1.353 165.9 1981580
1.455 -1.400 1.255 165.5 1981580
-1.894 -0.845 1.483 148.7 1981580
0.773 -0.624 0.912 128.6 1981580
-1.001 -1.352 0.939 168.3 1981580
-0.774 -1.260 1.146 179.6 1981580
-1.317 -1.163 0.580 159.5 1981580
0.810 -0.506 0.600 141.7 1981580
1.047 -0.803 1.208 133.3 1981580
0.509 -0.591 0.907 173.8 1981580
-0.041 -1.021 1.281 130.7 1981580
-0.219 -1.217 1.484 124.2 1981580
-0.068 -1.073 1.310 148.0 1981580
0.047 -0.767 1.135 170.1 1981580
-1.298 -1.059 0.791 162.3 1981580
-0.802 -1.107 0.670 171.9 1981580
-0.124 -1.020 0.987 135.7 1981580
0.500 -0.602 1.375 179.3 1981580
0.229 -1.037 0.821 131.7 1981580
-0.609 -1.304 0.752 128.0 1981580
-0.059 -0.975 0.939 170.3 1981580
-0.132 -1.006 0.591 143.0 1981580
1.477 -0.939 1.163 129.5 1981580
0.399 -1.017 0.499 161.6 1981580
1.191 -1.354 0.887 153.8 1981580
1.138 -0.855 0.752 148.7 1981580
-0.550 -1.310 0.703 170.1 1981580
0.319 -0.457 1.406 162.8 1981580
0.969 -1.377 0.316 154.1 1981580
0.140 -0.409 0.304 138.3 1981580
-1.411 -0.942 0.985 135.1 1981580
-0.026 -1.045 0.687 173.4 1981580
0.892 -0.748 0.581 179.1 1981580
-1.130 -1.141 0.856 151.1 1981580
1.230 -0.958 0.346 164.1 1981580
0.017 -0.988 1.440 168.5 1981580
-0.119 -0.960 1.448 177.1 1981580
0.065 -1.092 1.013 147.2 1981580
-0.147 -1.113 1.407 137.8 1981580
0.407 -1.384 0.903 163.3 1981580
0.772 -0.746 0.383 132.8 1981580
0.892 -1.068 1.366 130.3 1981580
-0.050 -0.518 0.655 129.4 1981580
0.393 -1.392 0.536 153.2 1981580
0.055 -0.921 0.790 137.6 1981580
-1.355 -1.136 1.164 156.9 1981580
0.241 -1.213 1.109 151.6 1981580
-0.283 -0.945 0.826 159.5 1981580
-0.267 -1.391 0.452 144.1 1981580
1.283 -1.107 1.466 177.1 1981580
-0.190 -1.108 1.387 167.2 1981580
0.611 -0.709 1.452 154.8 1981580
-0.161 -0.617 0.677 163.1 1981580
-0.202 -1.129 1.092 154.0 1981580
-1.207 -0.974 1.084 131.8 1981580
-0.088 -0.828 0.775 146.8 1981580
1.484 -0.999 1.498 153.8 1981580
-0.700 -0.832 1.409 174.8 1981580
1.500 -0.922 0.872 144.6 1981580
-0.126 -1.367 0.838 162.3 1981580
-0.084 -0.682 0.672 179.7 1981580
-0.167 -1.028 0.628 143.8 1981580
1.111 -1.416 1.335 162.6 1981580
-0.199 -0.916 0.353 136.1 1981580
1.666 -0.956 1.093 147.0 1981580
-0.084 -0.996 0.807 179.3 1981580
-0.022 -0.988 0.421 130.8 1981580
1.103 -0.522 0.980 160.6 1981580
0.175 -0.846 1.048 176.0 1981580
-0.199 -0.886 0.525 160.9 1981580
-1.135 -1.039 0.483 122.1 1981580
1.202 -0.823 1.063 147.1 1981580
-0.139 -1.016 0.876 123.2 1981580
0.628 -1.048 0.631 169.6 1981580
-1.177 -1.041 0.979 176.7 1981580
-0.048 -0.973 1.097 125.1 1981580
-0.218 -0.845 1.121 124.9 1981580
0.081 -1.278 1.049 168.0 1981580
0.406 -0.964 0.722 165.8 1981580
1.241 -1.030 1.285 173.4 1981580
-0.139 -0.816 1.103 127.8 1981580
0.857 -1.070 0.327 134.3 1981580
-0.605 -0.642 0.887 139.7 1981580
-0.354 -0.766 0.548 152.9 1981580
-1.163 -1.144 1.229 165.6 1981580
1.644 -1.098 1.304 177.9 1981580
-0.319 -1.442 0.528 121.6 1981580
0.594 -0.749 1.230 170.4 1981580
0.780 -0.784 0.502 151.2 1981580
0.680 -1.152 1.363 123.1 1981580
-0.030 -1.025 1.226 172.1 1981580
-1.939 -1.113 1.347 142.7 1981580
0.302 -0.569 0.917 156.8 1981580
-0.903 -0.922 1.071 165.3 1981580
-1.787 -0.996 0.429 174.8 1981580
-0.112 -0.919 0.787 177.7 1981580
0.698 -1.438 0.479 170.2 1981580
0.382 -0.958 1.482 125.4 1981580
0.774 -0.865 1.260 123.0 1981580
-0.691 -0.780 0.934 129.9 1981580
-1.969 -0.987 1.168 169.3 1981580
-0.191 -0.818 0.651 163.9 1981580
0.572 -1.044 1.131 163.0 1981580
-0.704 -1.196 1.011 157.2 1981580
-0.385 -0.901 0.740 142.2 1981580
1.802 -0.883 1.276 122.3 1981580
0.176 -1.042 1.304 160.0 1981580
-0.392 -1.123 1.224 176.7 1981580
0.250 -1.474 1.348 178.2 1981580
-0.993 -0.859 0.408 138.8 1981580
-0.041 -1.018 1.320 135.9 1981580
1.020 -1.446 1.025 122.3 1981580
0.375 -1.150 1.169 144.2 1981580
-0.039 -1.068 1.312 121.4 1981580
0.698 -1.547 0.557 142.7 1981580
-0.162 -1.059 0.678 149.2 1981580
-0.530 -0.527 0.633 146.3 1981580
-0.185 -0.964 1.312 130.1 1981580
0.754 -1.190 1.253 144.2 1981580
-1.147 -0.932 1.215 152.4 1981580
-0.319 -1.063 1.177 158.6 1981580
0.063 -1.048 1.265 167.4 1981580
-0.596 -1.301 0.337 154.8 1981580
0.096 -0.974 0.796 151.6 1981580
-1.496 -1.265 0.527 121.7 1981580
0.187 -1.257 1.275 125.8 1981580
1.228 -0.987 1.090 129.7 1981580
-0.299 -0.793 0.537 122.7 1981580
-1.085 -0.661 0.897 130.6 1981580
-1.566 -0.710 1.294 129.5 1981580
-0.219 -1.097 0.751 173.0 1981580
-0.083 -1.296 0.462 172.9 1981580
0.550 -0.880 1.373 168.1 1981580
0.390 -0.917 0.338 149.5 1981580
-0.075 -1.107 0.396 136.5 1981580
1.192 -1.000 0.667 171.3 1981580
-0.097 -0.962 1.072 130.1 1981580
-0.406 -0.969 0.481 120.4 1981580
-1.051 -1.449 0.501 126.9 1981580
0.410 -1.104 1.113 144.6 1981580
-0.068 -1.016 0.478 138.3 1981580
0.669 -0.751 0.485 139.5 1981580
-0.314 -0.621 0.361 176.2 1981580
-0.330 -0.795 1.410 165.6 1981580
0.018 -0.741 0.544 146.8 1981580
-1.732 -0.982 0.805 177.5 1981580
0.031 -0.976 1.497 122.2 1981580
1.628 -1.035 1.055 150.0 1981580
-0.657 -0.727 0.985 125.0 1981580
0.254 -0.955 0.441 166.6 1981580
-1.667 -1.094 0.734 133.5 1981580
-0.033 -1.095 1.262 159.5 1981580
-0.020 -0.980 1.435 177.9 1981580
1.061 -0.893 0.452 145.4 1981580
-0.280 -1.057 0.383 139.4 1981580
-1.080 -1.211 1.140 136.2 1981580
-0.452 -1.346 1.190 150.9 1981580
0.395 -0.614 1.119 120.7 1981580
-0.852 -1.296 1.264 174.9 1981580
-0.025 -1.000 0.620 123.4 1981580
-0.096 -1.234 1.036 163.6 1981580
0.043 -0.994 0.630 151.1 1981580
1.774 -0.893 0.649 141.7 1981580
1.254 -0.991 1.401 154.9 1981580
-0.402 -0.798 0.389 144.6 1981580
-1.286 -1.291 0.734 132.1 1981580
-0.723 -1.076 1.235 178.2 1981580
-1.169 -1.223 0.578 130.0 1981580
0.691 -0.678 1.098 176.4 1981580
-0.020 -0.489 1.069 165.8 1981580
-0.448 -1.058 0.780 141.1 1981580
-0.716 -1.219 1.158 144.0 1981580
0.619 -1.229 0.520 157.9 1981580
-0.022 -0.990 0.716 128.1 1981580
-0.472 -0.626 1.004 171.8 1981580
-1.461 -1.014 0.727 144.2 1981580
-0.663 -1.065 0.546 132.2 1981580
0.534 -0.800 1.114 176.9 1981580
0.196 -0.923 1.091 123.1 1981580
-0.288 -1.032 1.487 128.1 1981580
0.030 -1.072 1.446 158.9 1981580
0.426 -0.677 0.393 161.2 1981580
-0.863 -1.312 1.181 173.2 1981580
0.568 -0.965 1.101 129.6 1981580
-0.470 -1.260 0.615 123.3 1981580
-0.709 -1.107 0.619 175.4 1981580
0.413 -1.054 0.909 135.5 1981580
-0.331 -0.631 1.108 168.5 1981580
-1.184 -1.239 1.476 120.6 1981580
-0.445 -0.584 1.333 141.8 1981580
-0.114 -0.638 0.476 168.2 1981580
-0.971 -1.030 0.492 146.6 1981580
0.154 -0.998 1.071 135.6 1981580
0.028 -0.990 1.095 153.6 1981580
0.650 -0.674 1.261 158.7 1981580
0.495 -0.875 0.994 120.6 1981580
-0.414 -0.953 0.778 164.8 1981580
0.786 -1.274 1.280 175.4 1981580
-1.732 -0.963 0.680 147.2 1981580
-1.182 -0.994 0.450 141.4 1981580
-1.243 -0.821 0.586 132.6 1981580
-1.037 -1.146 0.993 121.2 1981580
-0.697 -0.684 0.986 132.4 1981580
-0.490 -0.760 1.341 148.4 1981580
-1.101 -1.022 0.789 168.5 1981580
1.905 -0.973 1.458 167.1 1981580
0.107 -1.374 1.312 149.9 1981580
0.026 -1.121 0.567 121.3 1981580
1.173 -0.520 0.723 166.2 1981580
-1.489 -1.010 0.716 165.6 1981580
-0.883 -1.157 0.344 178.5 1981580
1.076 -1.079 0.703 142.5 1981580
-0.227 -1.014 0.859 140.4 1981580
-1.084 -1.093 0.889 161.4 1981580
0.095 -1.231 1.223 152.9 1981580
0.095 -1.103 0.377 175.2 1981580
1.240 -1.307 0.639 130.2 1981580
-1.096 -1.108 0.878 165.8 1981580
0.002 -1.023 0.511 124.2 1981580
-0.857 -1.330 0.446 172.3 1981580
0.184 -1.032 0.507 159.5 1981580
-0.241 -1.109 0.383 154.7 1981580
0.224 -1.270 1.117 123.3 1981580
-0.006 -1.025 0.580 138.3 1981580
1.586 -0.833 0.759 173.6 1981580
-1.606 -0.771 1.345 169.2 1981580
-0.569 -1.079 0.662 144.4 1981580
0.018 -0.445 0.567 159.6 1981580
-0.036 -0.950 0.704 143.2 1981580
0.274 -0.813 0.742 175.4 1981580
0.044 -0.982 1.458 150.2 1981580
0.731 -1.324 1.485 131.3 1981580
-0.039 -1.002 0.474 168.5 1981580
1.052 -1.476 0.560 151.3 1981580
1.017 -0.738 1.369 164.0 1981580
0.949 -0.491 0.641 155.8 1981580
1.471 -0.860 1.335 131.8 1981580
0.000 -1.003 1.228 152.4 1981580
-0.253 -1.102 0.566 175.4 1981580
0.452 -1.380 0.686 175.9 1981580
0.095 -0.992 1.359 128.9 1981580
0.927 -1.332 0.869 165.9 1981580
0.001 -1.155 1.171 123.4 1981580
-0.532 -1.077 0.634 134.5 1981580
0.458 -1.165 0.956 163.1 1981580
-0.988 -0.563 0.988 167.7 1981580
-0.096 -1.038 0.968 144.3 1981580
-0.321 -0.489 0.347 129.7 1981580
-0.039 -0.987 0.837 153.0 1981580
0.315 -1.503 0.549 164.2 1981580
0.086 -0.896 0.991 134.2 1981580
0.413 -0.834 0.380 160.3 1981580
-0.574 -0.931 0.691 169.8 1981580
0.331 -0.838 0.457 151.6 1981580
0.833 -1.195 0.822 133.2 1981580
-0.512 -0.836 1.127 125.6 1981580
0.109 -1.217 0.703 163.9 1981580
1.325 -0.683 1.193 162.7 1981580
-1.671 -1.091 0.370 148.4 1981580
0.183 -0.897 0.589 148.8 1981580
0.338 -0.750 0.619 142.3 1981580
-0.909 -0.590 1.483 150.6 1981580
-0.524 -0.995 0.381 163.4 1981580
0.963 -0.645 1.065 122.7 1981580
-0.600 -1.405 0.566 153.7 1981580
0.010 -1.006 1.283 177.7 1981580
0.615 -0.953 0.636 140.5 1981580
-1.555 -0.677 0.688 170.3 1981580
-0.934 -0.684 0.888 135.4 1981580
1.948 -0.942 1.170 151.0 1981580
1.045 -0.968 0.327 149.1 1981580
1.405 -1.325 1.143 167.5 1981580
-0.097 -0.675 0.693 127.3 1981580
-0.247 -1.510 0.643 126.1 1981580
0.926 -1.198 0.950 167.9 1981580
-1.564 -0.940 0.746 133.2 1981580
-0.359 -0.902 1.484 157.8 1981580
-0.182 -1.186 1.253 161.4 1981580
-0.839 -1.110 1.408 145.4 1981580
-1.174 -1.150 1.223 163.6 1981580
-0.737 -0.688 1.183 177.9 1981580
-1.552 -1.081 0.906 175.0 1981580
0.379 -0.879 0.876 143.9 1981580
-1.068 -1.107 0.518 126.0 1981580
-0.970 -1.387 0.653 170.9 1981580
0.167 -0.851 0.416 123.5 1981580
-1.566 -1.155 0.640 165.1 1981580
-0.302 -0.677 1.412 163.6 1981580
-0.226 -0.855 1.247 169.6 1981580
0.467 -1.219 1.198 178.4 1981580
0.980 -1.169 1.250 160.4 1981580
0.069 -0.435 0.644 137.7 1981580
0.568 -0.454 0.702 123.1 1981580
0.656 -0.935 1.324 143.2 1981580
-0.608 -0.832 1.113 141.5 1981580
1.322 -1.025 1.090 122.4 1981580
0.095 -0.976 0.729 123.1 1981580
-0.792 -0.530 0.965 163.0 1981580
-0.024 -1.252 0.758 151.5 1981580
-1.128 -0.832 0.988 153.7 1981580
-0.418 -0.790 0.363 134.7 1981580
0.508 -1.042 0.442 160.2 1981580
1.464 -0.860 0.930 150.7 1981580
0.707 -0.609 1.063 166.3 1981580
0.193 -1.139 0.604 126.4 1981580
0.168 -1.117 1.168 165.3 1981580
1.656 -0.878 1.137 148.2 1981580
-0.653 -1.026 1.172 159.5 1981580
-0.223 -1.132 0.919 176.7 1981580
-0.528 -0.788 0.812 134.0 1981580
-0.148 -1.016 1.218 139.4 1981580
0.088 -0.824 0.935 160.8 1981580
0.409 -1.257 0.370 174.5 1981580
1.026 -1.338 0.349 137.8 1981580
-0.582 -0.749 0.375 166.1 1981580
0.942 -0.732 0.753 162.8 1981580
1.782 -0.769 0.967 161.9 1981580
-1.777 -1.138 1.411 166.8 1981580
-0.027 -1.011 0.454 157.9 1981580
-1.297 -0.679 0.746 136.8 1981580
-0.084 -1.011 1.425 163.4 1981580
1.750 -1.284 1.156 129.4 1981580
1.044 -0.647 1.494 142.8 1981580
0.116 -0.952 1.293 163.5 1981580
-0.271 -1.304 0.693 158.1 1981580
-0.082 -1.220 0.509 138.5 1981580
-0.185 -1.191 0.430 156.7 1981580
0.012 -1.043 1.133 154.6 1981580
1.144 -1.411 1.087 175.4 1981580
1.834 -1.069 1.337 161.2 1981580
-0.400 -1.119 1.438 172.0 1981580
0.847 -1.399 0.414 155.3 1981580
1.430 -0.758 0.369 131.7 1981580
-0.202 -1.001 1.424 171.7 1981580
1.291 -0.867 0.833 152.9 1981580
1.483 -1.285 0.370 139.8 1981580
1.406 -0.745 0.751 162.5 1981580
-0.948 -1.111 0.625 144.8 1981580
0.186 -1.087 0.974 165.6 1981580
-1.443 -0.767 1.218 123.8 1981580
1.079 -0.683 1.455 134.2 1981580
-0.298 -0.494 1.345 128.2 1981580
-0.490 -1.077 0.839 161.0 1981580
1.165 -1.351 1.290 124.8 1981580
-0.158 -0.981 0.441 167.5 1981580
0.892 -1.220 0.560 161.7 1981580
1.105 -1.156 0.856 164.6 1981580
1.584 -0.772 1.406 138.5 1981580
-0.686 -0.934 0.761 123.8 1981580
-0.934 -1.083 0.444 152.1 1981580
-0.051 -1.024 1.286 160.7 1981580
-0.772 -1.200 0.312 133.2 1981580
-0.609 -0.977 1.491 138.9 1981580
1.804 -1.052 0.993 141.4 1981580
-0.115 -1.006 0.636 154.0 1981580
-1.482 -1.058 1.314 134.5 1981580
-1.223 -0.554 0.702 172.3 1981580
0.187 -0.830 0.424 156.4 1981580
0.408 -1.353 0.866 177.8 1981580
-1.061 -1.146 0.670 147.3 1981580
1.403 -0.771 0.770 139.0 1981580
-0.286 -1.334 1.357 125.0 1981580
-0.370 -0.834 1.257 125.5 1981580
0.692 -0.674 1.243 153.2 1981580
-0.892 -1.218 1.219 172.7 1981580
1.338 -0.689 0.886 159.1 1981580
0.199 -1.011 1.459 167.9 1981580
-0.162 -0.718 1.258 146.8 1981580
-0.299 -0.842 1.213 138.1 1981580
-0.561 -0.807 0.610 171.1 1981580
-0.993 -0.686 1.214 151.9 1981580
-0.297 -1.515 0.643 155.9 1981580
0.501 -0.462 0.454 165.7 1981580
-0.544 -1.275 0.541 143.7 1981580
1.026 -1.449 0.536 139.9 1981580
-0.399 -0.605 0.984 171.8 1981580
0.573 -0.964 0.766 129.1 1981580
-1.103 -0.832 0.864 164.3 1981580
0.045 -1.041 0.886 123.8 1981580
-0.570 -1.080 1.017 124.4 1981580
-1.469 -0.988 0.899 123.4 1981580
0.395 -0.859 0.513 159.4 1981580
0.387 -1.080 0.636 122.5 1981580
-0.077 -1.058 0.559 174.0 1981580
-1.207 -0.756 1.164 177.4 1981580
0.316 -1.176 0.439 148.7 1981580
-0.431 -1.279 0.329 134.0 1981580
-0.027 -1.038 0.690 176.8 1981580
-0.315 -1.099 0.560 128.7 1981580
0.456 -1.579 1.373 135.6 1981580
0.167 -1.322 0.818 133.6 1981580
0.083 -0.979 1.321 168.7 1981580
0.131 -0.834 0.406 178.7 1981580
0.352 -1.361 0.498 163.9 1981580
0.077 -0.923 0.589 168.7 1981580
-0.610 -1.087 1.081 163.0 1981580
1.762 -1.247 1.392 163.0 1981580
-0.527 -0.854 1.373 173.7 1981580
-0.066 -1.075 0.327 137.2 1981580
1.022 -0.976 0.627 125.0 1981580
0.004 -1.001 0.730 122.8 1981580
-0.946 -1.194 0.475 152.0 1981580
0.767 -0.604 0.946 159.9 1981580
-1.266 -0.917 1.193 174.6 1981580
-1.262 -0.885 0.983 125.2 1981580
-0.553 -0.832 1.010 153.2 1981580
0.659 -0.582 0.985 125.5 1981580
-0.349 -1.094 0.717 132.0 1981580
-0.349 -0.973 1.116 133.7 1981580
0.025 -1.014 0.360 134.1 1981580
-0.409 -0.970 1.486 168.6 1981580
1.139 -0.919 0.901 149.9 1981580
0.675 -0.441 1.141 166.0 1981580
-0.390 -1.101 0.512 150.7 1981580
0.180 -1.452 0.958 148.7 1981580
-1.828 -0.930 0.743 178.5 1981580
-0.225 -1.071 0.950 150.9 1981580
0.691 -0.972 0.539 134.2 1981580
-0.475 -0.910 0.364 165.8 1981580
-0.614 -1.045 0.309 152.6 1981580
-0.852 -1.046 0.641 138.9 1981580
0.613 -0.543 1.495 161.6 1981580
-0.149 -1.011 0.703 131.2 1981580
1.256 -0.896 0.374 134.4 1981580
1.151 -1.348 1.389 147.0 1981580
-0.266 -1.558 0.923 154.5 1981580
-0.010 -1.010 0.466 147.2 1981580
-0.425 -1.082 1.458 148.0 1981580
1.192 -1.063 1.345 157.2 1981580
-0.919 -0.733 1.425 142.1 1981580
1.414 -0.851 0.359 133.7 1981580
1.038 -0.731 1.046 156.2 1981580
0.195 -0.762 0.940 173.6 1981580
0.076 -0.671 0.783 121.6 1981580
-0.014 -0.981 0.520 132.5 1981580
-0.694 -0.786 1.298 121.9 1981580
0.210 -0.530 1.368 157.2 1981580
1.159 -0.970 0.453 162.7 1981580
0.963 -1.018 0.429 142.0 1981580
-1.041 -0.530 1.185 171.0 1981580
0.788 -1.269 0.553 166.6 1981580
1.351 -0.771 0.470 176.1 1981580
0.725 -0.910 0.351 158.2 1981580
-14.816 -7.514 1.144 75.4 3044137
-15.144 -6.983 2.871 75.9 4288052
-15.025 -6.992 2.357 68.7 3505473
-15.260 -6.601 1.029 93.4 3375927
-15.020 -7.137 3.094 72.3 3765835
-15.032 -7.029 3.377 85.0 4557115
-15.193 -6.610 2.603 71.9 4488240
-13.696 -6.372 3.023 67.9 3372619
-15.397 -6.718 3.076 89.9 2655568
-15.909 -7.616 2.741 76.4 4488762
-15.014 -7.170 2.118 81.5 3238205
-15.130 -7.986 2.457 81.7 5006652
-13.974 -6.245 2.107 66.4 3247920
-15.007 -6.860 1.095 66.0 3183669
-15.604 -6.773 2.607 88.7 4884010
-15.329 -7.592 3.708 67.5 4227653
-14.429 -7.752 1.475 82.1 5142606
-14.584 -7.471 2.489 96.5 2789683
-15.227 -7.249 3.069 93.1 4752446
-15.467 -5.954 2.136 91.0 3904832
-14.443 -7.459 3.095 72.4 5019178
-15.186 -6.141 2.005 73.0 4554303
-15.074 -6.664 2.115 60.7 3697203
-14.812 -7.964 2.328 92.4 3238956
-14.990 -6.904 3.038 97.2 3434062
-14.797 -6.621 3.009 62.6 4026678
-15.564 -6.444 1.983 99.0 3702864
-14.052 -6.084 2.190 84.3 4352585
-14.385 -7.260 3.815 83.5 3897648
-15.150 -6.595 3.151 83.5 4751939
-13.831 -7.774 3.020 98.5 2656591
-14.468 -7.279 2.873 61.0 5006392
-14.999 -7.000 2.510 92.0 3042366
-15.182 -6.225 3.114 92.0 3631416
-15.357 -7.019 1.229 89.6 2981426
-15.170 -6.441 2.408 78.2 4296524
-14.593 -6.760 3.352 98.5 4290351
-15.021 -8.009 3.445 69.6 4557378
-15.289 -6.559 2.627 85.2 4809781
-14.760 -7.094 1.103 64.7 5209925
-14.433 -7.940 2.366 93.0 3244086
-14.936 -8.267 3.922 67.7 3897395
-15.891 -8.184 2.672 62.0 2785860
-15.052 -7.154 1.246 82.3 5017143
-14.778 -7.298 3.135 87.3 4879146
-14.263 -7.078 3.036 97.8 4230985
-16.097 -6.369 3.077 70.5 3172430
-14.916 -6.900 1.785 78.7 3568204
-14.923 -7.044 2.047 72.4 2655283
-15.232 -7.361 3.880 64.2 3306032
-15.109 -7.355 3.899 91.3 4097064
-15.609 -6.467 2.934 65.1 4816451
-15.260 -7.762 1.505 64.2 3903284
-15.503 -5.981 3.660 64.2 4624711
-15.338 -7.201 3.752 85.3 3833669
-14.794 -8.228 2.114 91.5 4810571
-15.666 -7.893 2.252 97.7 5077829
-14.600 -6.826 2.958 71.9 4623403
-15.840 -6.275 1.051 80.7 3502153
-14.649 -8.255 3.317 70.5 2853679
-15.306 -6.670 3.092 93.3 4691519
-15.286 -7.050 2.010 75.6 3115850
-14.502 -6.892 3.189 60.2 4296268
-14.818 -7.011 3.068 75.6 2917684
-15.648 -7.396 1.060 71.5 3184200
-14.525 -8.028 1.259 83.0 4625463
-14.269 -6.904 1.856 89.1 2847532
-13.934 -7.552 3.589 60.6 3433789
-15.122 -7.874 2.724 75.8 3110202
-15.015 -7.017 3.669 91.1 2982698
-15.026 -6.845 2.610 67.2 2853688
-15.040 -7.093 1.848 97.6 3700025
-14.139 -7.391 3.747 76.7 3106630
-14.049 -5.843 3.995 88.0 5277736
-15.576 -5.615 1.133 97.4 3630900
-15.950 -7.594 1.659 75.9 3246137
-15.363 -5.642 3.545 61.2 3436357
-15.213 -7.130 2.687 66.8 3500331
-15.369 -7.459 2.635 99.3 5142319
-14.920 -6.238 2.642 67.3 3118130
-14.552 -6.196 2.179 79.8 4550440
-14.833 -6.996 2.206 95.9 4550459
-14.239 -6.480 2.383 68.0 4033848
-14.958 -6.290 2.273 91.2 3573581
-15.947 -7.323 2.004 75.2 4488010
-15.050 -6.927 1.610 92.3 4163117
-14.657 -7.323 3.920 85.5 2984239
-14.544 -7.514 2.428 84.0 3568688
-15.654 -7.182 2.246 82.9 3903803
-14.824 -7.989 1.745 98.6 3106874
-14.645 -7.923 3.668 63.3 4157225
-14.094 -5.859 3.029 61.2 3699518
-14.623 -6.317 1.287 60.1 3968049
-15.114 -6.957 2.952 62.5 3634996
-15.030 -6.144 2.311 78.7 5145418
-14.987 -7.026 2.530 81.1 5138760
-14.541 -5.739 2.199 68.8 3113275
-14.808 -7.495 1.854 92.8 3047501
-15.373 -6.687 1.661 65.7 4815914
-14.039 -7.242 2.472 65.5 4548423
-8.757 8.148 3.072 60.8 3833146
-9.087 7.332 2.486 64.9 3244877
-7.595 7.374 2.275 88.7 3575351
-8.028 6.649 3.396 65.1 4688699
-7.967 7.645 3.673 80.7 4427310
-9.437 6.677 3.973 92.7 5011759
-7.414 7.672 1.384 65.6 4622404
-8.783 7.456 1.570 65.3 3967806
-8.351 6.324 2.727 63.2 3379017
-8.394 6.647 2.296 68.1 5012524
-8.044 6.245 2.944 77.0 3898947
-7.031 7.349 3.839 96.9 4812855
-7.885 6.913 2.047 80.7 3306046
-8.503 6.349 3.372 75.6 3369272
-8.133 7.033 2.085 72.8 3434042
-7.465 6.483 1.724 94.3 3903548
-7.723 7.176 2.157 60.7 3827781
-7.803 6.296 2.790 86.6 3508267
-7.118 6.829 2.988 78.5 4822338
-7.859 7.030 1.887 94.3 3574343
-7.961 7.039 2.620 60.6 4821824
-7.362 5.995 2.023 94.5 5213508
-6.990 5.935 2.887 80.5 3173170
-8.328 6.534 3.418 66.5 5071939
-8.548 7.527 2.197 88.7 4028213
-7.995 6.532 1.260 62.7 2917169
-8.262 6.274 3.214 83.1 4354877
-7.077 6.997 2.694 69.6 3966013
-8.947 6.866 1.893 81.8 3180845
-7.277 5.795 2.140 72.0 4423744
-8.570 8.253 2.402 81.3 4752189
-8.595 7.421 3.173 88.8 3633203
-8.188 7.766 2.448 65.7 5212239
-8.734 6.775 1.969 92.7 4224311
-7.017 6.489 1.236 92.1 4881738
-7.934 7.059 2.984 91.3 3639375
-7.873 7.284 3.269 84.7 4026667
-8.168 7.464 1.334 96.8 2986538
-8.156 6.857 1.061 94.7 4094521
-8.446 6.395 3.861 98.8 3184174
-6.603 7.359 1.882 87.9 2852151
-7.121 7.836 2.571 62.2 4680506
-8.201 5.877 3.281 63.9 4550194
-8.060 7.195 1.575 90.0 3182919
-7.781 5.597 2.633 75.8 3898956
-9.093 7.517 1.810 77.0 3896623
-7.745 7.072 1.434 98.8 3049265
-7.629 6.601 2.867 61.6 3369537
-8.574 6.684 1.958 83.7 2724907
-7.656 6.121 3.851 96.7 3369522
-7.187 7.541 2.775 94.7 3642681
-8.000 6.883 3.229 91.9 3443277
-7.793 7.148 3.231 79.3 4621121
-7.229 7.498 1.100 60.8 4744240
-7.384 7.110 2.117 92.2 3707975
-7.511 6.079 1.407 79.9 4035389
-7.782 6.438 2.793 87.0 4155972
-6.884 7.939 1.379 61.3 4809797
-7.584 7.124 1.800 85.8 4027980
-9.014 7.757 3.387 75.5 3310152
-7.772 7.280 1.759 66.5 3441474
-8.417 7.495 2.674 81.0 3568176
-7.102 6.872 2.229 66.4 5144635
-8.531 6.501 2.363 71.0 4162885
-8.482 7.206 1.923 90.0 4025386
-8.474 7.704 3.799 89.9 3894829
-7.701 6.793 2.796 63.5 4944694
-7.460 7.844 1.293 94.1 5278261
-8.055 6.832 1.822 72.7 4878906
-8.707 6.767 3.729 70.0 4294977
-9.087 7.121 2.803 84.6 4557388
-7.696 5.811 3.086 90.8 3241264
-8.095 6.707 3.001 71.1 4093775
-9.062 6.581 2.811 95.1 5138489
-8.617 7.574 3.761 79.0 3313993
-7.044 6.318 2.952 60.6 4945468
-7.956 7.180 1.455 67.9 3306573
-7.820 7.639 1.311 84.2 3964716
-7.995 7.086 2.028 74.0 4230733
-7.015 7.406 3.264 90.7 4886832
-7.742 7.934 1.625 96.4 3901501
-8.579 7.219 2.249 89.7 3830582
-7.651 7.009 3.110 95.0 3899956
-7.936 6.766 1.406 87.1 4361528
-7.930 6.865 3.495 84.4 3436328
-7.881 6.130 3.555 70.9 3176016
-7.164 7.543 1.250 72.7 4944703
-7.959 7.023 3.799 61.5 2920249
-7.907 6.606 2.420 66.8 4355139
-6.903 6.404 2.989 75.5 5209641
-8.095 6.967 2.726 60.8 5018941
-8.037 7.384 2.114 82.5 2787152
-7.974 6.952 2.631 61.8 4222792
-7.849 7.151 3.448 81.8 2656321
-8.298 5.918 1.328 81.7 4548933
-9.078 6.977 2.965 94.6 5274186
-8.152 6.921 3.246 76.6 4027460
-7.778 6.196 1.028 95.6 2976809
-9.263 7.061 2.231 62.4 3305529
-8.084 6.490 3.161 94.8 3696190
-0.055 7.196 1.454 63.9 4025406
-1.495 7.055 2.767 69.5 3180365
-1.063 6.735 3.181 95.3 3372107
-1.073 7.545 2.291 97.5 3637326
-1.113 6.464 3.178 96.8 5016135
-2.165 7.524 2.556 82.9 2720310
-2.106 7.430 1.919 74.6 5015097
-1.391 5.868 1.699 77.2 3642958
-1.837 5.819 2.063 83.2 4682312
0.451 6.622 1.810 91.0 4681010
-0.156 7.930 3.644 96.7 3380808
-1.548 6.791 3.567 89.0 4553514
-0.925 6.830 2.192 79.6 3502888
0.075 7.741 1.476 81.3 3444038
-0.871 7.293 3.081 84.4 4551982
-0.716 7.572 1.210 61.8 4025159
-0.716 7.526 3.091 98.9 4683574
-0.490 7.872 3.285 65.1 4356425
-0.272 7.542 1.257 84.8 3311933
-0.953 7.004 3.463 99.4 4484412
-0.826 7.095 1.238 97.7 3635270
-1.192 7.022 1.160 67.0 3961930
-1.392 6.895 1.529 84.2 5008699
-1.537 8.229 1.681 78.9 3244345
-0.961 7.002 3.551 85.0 3960394
-0.241 8.012 3.304 71.4 3173181
-0.922 6.778 2.829 95.7 4220989
-1.005 6.808 1.138 89.7 3506485
-1.414 7.849 2.796 62.5 4025913
-0.246 7.107 2.309 64.4 2778952
-0.942 7.126 3.863 75.3 4815913
-0.687 6.994 1.298 88.4 4428616
-1.136 8.170 3.042 86.4 3041603
-0.684 7.463 1.663 80.5 3964227
-1.166 7.104 3.115 89.0 2714684
-0.810 6.401 1.103 83.8 3305523
-0.069 7.883 3.183 85.6 4090944
-0.399 7.385 2.935 89.2 3445317
-0.778 6.626 1.961 70.7 2852670
-1.014 6.960 1.667 77.3 2790197
-0.609 6.635 1.696 99.3 2845736
-0.142 7.425 3.317 92.4 3827521
-1.422 6.226 2.312 74.6 4034624
0.139 6.702 2.133 95.3 4360749
-1.168 6.075 2.464 90.7 4160564
-1.851 7.107 1.625 72.3 3700284
-0.742 7.333 1.099 70.1 3642411
-1.704 7.402 2.398 69.9 3904837
-2.050 6.643 3.661 72.4 5010490
-0.685 7.612 2.405 64.1 3961897
-0.787 6.845 2.915 83.5 4553291
-0.652 6.898 3.756 65.8 3118414
-1.401 6.415 1.576 80.2 4950091
-0.526 7.017 1.696 73.8 5205316
-0.775 6.178 1.653 62.1 3249461
-1.673 6.472 2.599 68.0 3304265
-1.568 6.892 3.328 75.8 2920752
-1.359 6.840 3.663 66.0 2978889
-1.017 7.372 3.022 92.6 3633990
-0.655 7.215 1.699 81.1 3369773
-0.941 6.820 3.226 78.7 2976826
-1.306 7.555 1.588 62.3 2725196
-1.457 7.114 3.663 60.7 2717766
-0.925 6.993 3.017 60.5 4091442
-0.968 7.098 2.660 65.7 4034346
-0.963 6.326 2.174 90.4 3236908
-1.040 6.856 3.537 86.7 3443270
-0.321 6.673 2.505 63.1 4749373
-0.971 6.980 2.519 92.6 3696454
-2.234 7.534 3.711 60.2 3639861
-2.177 7.028 2.013 85.1 3443511
-1.754 5.802 2.313 83.2 4813623
-1.195 6.845 2.535 75.1 3378988
-0.411 7.510 1.086 62.8 3967029
-0.555 7.072 3.440 77.9 4417872
0.098 7.330 1.124 85.3 2715970
-0.254 7.092 2.583 92.7 4556333
-1.564 5.864 2.223 74.1 4356163
-1.054 7.018 1.074 62.8 4357938
-0.958 6.970 1.165 89.1 4613967
-0.608 7.392 1.937 70.8 4621378
-0.492 6.919 2.707 60.7 4748098
-0.556 6.674 3.382 72.1 2851130
-0.171 6.425 2.781 84.9 4093519
-0.900 7.975 3.788 76.5 4032586
-0.167 5.994 1.353 67.8 3311661
-1.412 7.129 2.300 90.2 3766861
-1.423 7.976 3.896 76.7 3109950
-0.844 7.779 3.165 64.0 3106112
-1.322 8.035 3.066 60.5 4816460
-1.119 7.638 1.081 84.9 4953640
-1.171 6.742 2.695 73.9 3247948
-1.303 6.786 2.363 93.7 4888114
-1.358 7.641 2.939 94.4 4489008
-0.519 7.554 3.702 95.5 3308111
-2.058 6.067 1.449 78.6 3305259
-0.828 6.318 1.022 99.2 3962699
-1.110 7.035 3.504 77.1 5010474
-1.070 7.370 1.215 64.3 4553267
-0.774 7.647 1.380 82.1 4292666
5.602 6.466 1.718 71.5 4490040
5.727 6.657 2.113 96.0 3173445
4.673 6.509 2.505 80.4 4753465
6.632 6.250 1.362 75.8 3968040
6.041 6.961 1.297 60.8 3503151
6.492 5.708 2.995 69.9 4549192
6.315 7.195 1.388 70.7 2722610
6.071 6.344 2.097 67.3 4026174
5.660 7.033 2.249 95.9 4943175
4.843 7.204 1.772 74.0 3175740
6.691 6.128 2.960 96.9 3896142
6.159 5.912 2.382 86.4 4878923
5.720 7.001 3.934 60.9 4100688
6.186 7.077 3.982 66.3 3049537
5.608 5.732 1.363 65.7 3893555
6.033 8.393 3.835 84.7 4091946
6.008 7.001 2.981 90.8 3435325
5.006 7.060 2.306 85.4 3445565
5.972 7.098 1.330 73.6 3707721
6.005 6.983 3.313 67.5 4025391
6.608 6.597 2.167 78.1 4485681
5.675 6.898 3.644 89.1 4885554
6.271 7.564 2.390 85.8 4880440
6.490 7.858 2.726 85.4 3500101
5.990 7.010 2.645 67.2 3310405
7.263 7.612 2.523 65.3 2921514
6.220 7.236 2.909 94.0 2982696
7.083 6.452 2.280 77.4 3903300
4.671 7.079 3.520 90.8 5072460
6.257 6.602 2.696 99.9 3640109
5.934 6.953 3.272 76.9 3892558
5.484 7.115 1.451 94.7 4034093
5.587 8.098 2.224 73.2 4483135
6.077 5.909 1.516 75.1 5144377
6.329 5.920 2.612 96.1 3966283
5.963 7.009 3.388 93.7 4550221
6.892 7.225 1.492 82.7 2785094
5.561 7.074 1.048 81.3 3441986
5.297 5.710 1.327 91.6 3378506
7.456 7.096 3.234 99.5 4098604
6.516 5.707 3.384 83.9 3113023
6.368 7.981 2.818 94.0 2844740
5.781 7.581 1.579 81.6 2912576
5.853 7.614 2.431 74.6 3763017
5.093 7.656 3.685 76.6 4745003
6.758 7.616 1.544 67.1 4423208
7.277 7.122 3.252 83.7 5006908
5.794 6.666 1.338 88.4 4688184
6.853 6.187 3.932 98.4 4550972
6.361 7.645 1.018 94.0 4482891
6.045 6.994 1.393 80.9 3238967
5.853 5.662 1.904 60.3 4221229
6.650 5.982 1.091 74.9 4154936
5.545 6.337 3.187 63.1 4231498
7.441 6.819 3.906 65.3 4756264
6.269 6.642 1.656 94.0 5270346
6.191 6.985 1.361 95.5 3833154
5.705 7.084 2.031 89.0 2649904
6.432 7.211 2.081 68.4 4811078
5.953 6.590 2.581 78.3 4614203
5.548 5.713 2.033 67.3 4224303
6.133 6.751 2.152 93.6 4482632
6.163 6.859 1.384 90.4 3569704
5.916 7.656 3.512 76.2 2915149
6.128 6.942 2.393 71.6 5145905
5.343 7.706 2.443 68.3 4877376
6.026 7.116 3.682 79.9 4158513
7.099 6.950 3.168 81.6 3509818
6.165 6.956 2.894 62.9 2720576
5.967 6.780 1.554 91.1 2849090
5.067 7.182 1.748 81.1 4625193
5.883 7.104 3.748 96.8 2916166
6.075 7.389 2.249 87.2 5211190
5.101 7.984 2.539 73.4 4621886
5.942 7.171 2.884 90.3 4551237
6.175 6.223 1.012 91.7 3699764
5.104 6.125 3.544 91.9 4753712
6.087 6.526 1.486 74.5 4757069
5.404 7.441 2.227 80.1 3893039
6.198 7.466 1.636 90.4 3966764
6.894 6.234 2.323 63.7 3766855
5.283 6.686 3.846 66.2 3043625
6.157 7.251 1.837 91.3 2921280
7.407 7.095 1.040 85.2 4417862
5.489 6.576 1.485 79.1 4950313
5.335 5.896 1.887 71.6 2722887
6.289 6.809 2.338 78.4 2856013
6.176 6.439 2.455 83.1 5269320
5.644 7.216 2.421 99.3 4881229
6.050 7.074 3.346 96.2 5281082
6.088 6.907 3.259 66.1 2915642
5.212 6.011 1.968 98.4 3764552
5.414 6.179 2.232 87.5 3767092
5.413 8.232 3.304 87.0 2984232
5.657 5.785 3.007 79.6 3969614
6.128 7.308 3.998 61.7 4485951
6.989 6.531 3.811 91.3 4286768
5.382 8.194 2.050 84.6 3640620
4.944 7.318 2.324 96.1 3828520
6.293 6.047 2.844 74.4 4494890
12.195 6.096 1.034 68.4 3372584
12.409 6.288 1.912 74.3 3172157
11.690 7.189 1.910 69.6 4289834
12.835 8.411 1.580 69.9 2845750
13.093 7.919 1.146 90.8 4616000
12.672 7.400 2.276 84.6 4286255
12.340 5.747 3.735 62.1 2659914
12.858 7.257 1.423 68.8 4031532
13.092 6.876 3.827 81.1 3433528
12.791 6.617 2.923 65.6 2848300
12.284 7.397 3.925 99.5 5009223
11.954 6.566 2.829 68.1 2649646
12.870 5.969 1.273 69.9 3310155
11.773 7.118 2.877 60.3 4689718
11.786 7.271 2.504 80.2 4749625
13.265 7.676 3.977 92.3 5148234
13.372 6.098 1.860 94.0 4232270
13.839 6.545 2.607 91.9 4748847
12.258 7.608 2.452 90.7 2648104
12.772 6.750 3.735 74.7 2654765
12.315 7.157 1.440 86.5 2853162
13.186 6.606 3.313 96.9 3572813
11.699 6.615 2.934 69.3 4426032
13.524 6.388 3.922 85.5 4746298
13.482 5.879 1.078 77.2 4549420
12.664 6.886 1.207 90.0 5084227
12.373 6.591 1.047 81.1 4752171
11.964 7.117 3.066 71.0 4681545
13.098 7.116 1.628 82.3 4553531
13.016 7.376 2.071 96.2 4752715
14.081 7.956 1.966 74.2 3576113
13.492 7.147 3.846 91.6 3832882
12.889 6.919 3.797 81.2 5083722
13.069 6.877 1.741 61.7 2657871
14.044 7.775 3.901 84.7 3502659
13.176 6.912 2.273 76.1 5271865
13.300 7.111 2.249 97.3 3506756
12.420 6.426 3.166 82.4 2913339
13.031 6.977 2.992 79.6 4093256
13.545 5.906 1.167 77.1 5083204
12.498 6.998 2.130 62.9 3832363
12.142 6.442 1.312 86.2 2654005
13.573 6.670 2.508 61.1 5211956
13.474 7.572 2.099 76.7 4228684
12.010 7.221 3.797 60.3 3772475
12.760 7.168 1.076 77.5 4161342
12.868 6.993 3.643 91.7 5081672
13.975 6.499 2.208 92.7 2843693
12.012 6.418 3.434 68.9 4883527
13.139 6.949 1.878 90.7 4230207
13.401 7.748 3.629 60.4 4944936
13.329 7.138 2.886 81.4 4294216
12.794 7.125 3.101 63.9 3970622
13.495 7.097 2.831 67.5 4029005
12.948 7.089 3.625 60.3 4685641
12.963 8.082 1.623 97.1 5209393
13.215 6.980 3.998 66.8 3311915
12.557 8.162 2.368 93.0 4947245
12.878 5.726 1.625 90.0 4886851
13.053 7.103 1.478 65.3 2983478
12.889 7.175 1.922 61.6 4356909
13.634 7.541 2.695 80.4 4165186
13.969 7.742 1.691 88.3 4687670
13.584 5.949 2.087 61.1 3634241
13.122 6.960 3.550 99.2 5212216
12.330 7.258 2.582 73.7 4621866
13.787 7.184 2.945 81.5 2921271
13.461 6.277 2.089 96.1 3249462
12.892 6.878 3.345 73.5 2975528
12.927 7.114 1.666 76.0 4945478
13.006 6.997 3.714 96.7 4159531
12.921 6.826 2.318 98.5 4554547
12.561 7.660 3.616 85.9 3374662
13.478 7.891 3.589 93.9 4815404
11.657 6.477 2.407 63.0 4359981
11.633 6.993 2.362 70.8 5139254
13.023 7.729 2.871 70.8 3044413
13.331 8.428 1.112 87.8 4362281
12.104 8.175 2.442 60.0 3377742
12.793 7.334 2.874 94.4 4156978
13.129 7.113 1.392 87.0 3696461
12.923 7.059 1.229 70.7 5075247
13.850 7.518 1.559 65.3 4949318
12.951 6.991 3.338 83.9 3566921
14.015 6.900 3.696 85.2 3050540
12.385 6.858 2.216 84.9 2657342
11.922 6.931 2.137 73.2 4822335
14.228 7.647 2.085 75.2 3311433
13.325 6.998 3.526 84.5 4095298
12.373 5.936 1.282 81.4 4681020
13.316 7.262 2.644 78.8 3575866
13.752 5.960 2.825 79.1 2855234
13.721 7.449 3.761 64.5 5279551
13.508 8.392 2.463 74.3 5138247
12.566 6.217 1.009 62.9 3834177
13.482 8.049 1.955 81.7 3894070
13.890 8.091 2.095 62.6 5139515
13.109 6.897 2.465 62.7 2979385
13.874 7.426 1.135 83.1 4098098
12.798 6.683 3.777 83.6 4232505
